

CREATE DATABASE IF NOT EXISTS servital_servita3;

USE servital_servita3;

DROP TABLE IF EXISTS category;

CREATE TABLE `category` (
  `cat_id` int(2) NOT NULL,
  `category` varchar(25) COLLATE utf8_spanish_ci NOT NULL
) ENGINE=InnoDB DEFAULT CHARSET=utf8 COLLATE=utf8_spanish_ci;

INSERT INTO category VALUES('1','Alfa Romeo');
INSERT INTO category VALUES('2','Aston Martin');
INSERT INTO category VALUES('3','Audi');
INSERT INTO category VALUES('4','Bmw');
INSERT INTO category VALUES('5','Chana');
INSERT INTO category VALUES('6','Chery');
INSERT INTO category VALUES('7','Chevrolet');
INSERT INTO category VALUES('8','Chrysler');
INSERT INTO category VALUES('9','Citroen');
INSERT INTO category VALUES('10','Dacia');
INSERT INTO category VALUES('11','Daewoo');
INSERT INTO category VALUES('12','Daihatsu');
INSERT INTO category VALUES('13','Dfm');
INSERT INTO category VALUES('14','Dodge');
INSERT INTO category VALUES('15','Fiat');
INSERT INTO category VALUES('16','Ford');
INSERT INTO category VALUES('17','Foton');
INSERT INTO category VALUES('18','Gmc');
INSERT INTO category VALUES('19','Great Wall');
INSERT INTO category VALUES('20','Hafei');
INSERT INTO category VALUES('21','Honda');
INSERT INTO category VALUES('22','Hummer');
INSERT INTO category VALUES('23','Hyundai');
INSERT INTO category VALUES('24','International');
INSERT INTO category VALUES('25','Isuzu');
INSERT INTO category VALUES('26','Iveco');
INSERT INTO category VALUES('27','Iveco-Pegaso');
INSERT INTO category VALUES('28','Jac');
INSERT INTO category VALUES('29','Jaguar');
INSERT INTO category VALUES('30','Jbc');
INSERT INTO category VALUES('31','Jcb');
INSERT INTO category VALUES('32','Jeep');
INSERT INTO category VALUES('33','Kia');
INSERT INTO category VALUES('34','Komatsu');
INSERT INTO category VALUES('35','Lada');
INSERT INTO category VALUES('36','Lancia');
INSERT INTO category VALUES('37','Land Rover');
INSERT INTO category VALUES('38','Lexus');
INSERT INTO category VALUES('39','Mahindra');
INSERT INTO category VALUES('40','Mazda');
INSERT INTO category VALUES('41','Mercedes Benz');
INSERT INTO category VALUES('42','Mercury');
INSERT INTO category VALUES('43','Mg');
INSERT INTO category VALUES('44','Mini');
INSERT INTO category VALUES('45','Mitsubishi');
INSERT INTO category VALUES('46','Mitsubishi Fuso');
INSERT INTO category VALUES('47','Nissan');
INSERT INTO category VALUES('48','Opel');
INSERT INTO category VALUES('49','Peugeot');
INSERT INTO category VALUES('50','Renault');
INSERT INTO category VALUES('51','Rolls-Royce');
INSERT INTO category VALUES('52','Rover');
INSERT INTO category VALUES('53','Saab');
INSERT INTO category VALUES('54','Saic Chery');
INSERT INTO category VALUES('55','Seat');
INSERT INTO category VALUES('56','Skoda');
INSERT INTO category VALUES('57','Smart');
INSERT INTO category VALUES('58','Ssang Yong');
INSERT INTO category VALUES('59','Subaru');
INSERT INTO category VALUES('60','Suzuki');
INSERT INTO category VALUES('61','Toyota');
INSERT INTO category VALUES('62','Volkswagen');
INSERT INTO category VALUES('63','Volvo');
INSERT INTO category VALUES('64','Wuling');
INSERT INTO category VALUES('65','Zongshen');
INSERT INTO category VALUES('66','Zotye');



DROP TABLE IF EXISTS document;

CREATE TABLE `document` (
  `id` int(11) NOT NULL AUTO_INCREMENT,
  `firstname` varchar(32) NOT NULL,
  `lastname` varchar(32) NOT NULL,
  `make` varchar(32) NOT NULL,
  `type` varchar(32) NOT NULL,
  `model` varchar(32) NOT NULL,
  `license` varchar(32) NOT NULL,
  `mileage` int(6) NOT NULL,
  `ordernumber` int(6) NOT NULL,
  `firstname1` varchar(32) NOT NULL,
  `lastname1` varchar(32) NOT NULL,
  `day` int(2) unsigned zerofill NOT NULL,
  `month` int(2) unsigned zerofill NOT NULL,
  `year` int(2) NOT NULL,
  `m1_el1` int(1) NOT NULL,
  `m1_el2` int(1) NOT NULL,
  `m1_el3` int(1) NOT NULL,
  `m1_el4` int(1) NOT NULL,
  `m1_el5` int(1) NOT NULL,
  `m1_el6` int(1) NOT NULL,
  `m1_el7` int(1) NOT NULL,
  `m1_el8` int(1) NOT NULL,
  `m1_el9` int(1) NOT NULL,
  `m1_el10` int(1) NOT NULL,
  `m1_el11` int(1) NOT NULL,
  `m1_el12` int(1) NOT NULL,
  `m1_el13` int(1) NOT NULL,
  `m1_el14` int(1) NOT NULL,
  `m1_el15` int(1) NOT NULL,
  `m1_el16` int(1) NOT NULL,
  `m1_el17` int(1) NOT NULL,
  `m2_el1` int(1) NOT NULL,
  `m2_el2` int(1) NOT NULL,
  `m2_el3` int(1) NOT NULL,
  `m2_el4` int(1) NOT NULL,
  `m2_el5` int(1) NOT NULL,
  `m2_el6` int(1) NOT NULL,
  `m3_el1` int(1) NOT NULL,
  `m3_el2` int(1) NOT NULL,
  `m3_el3` int(1) NOT NULL,
  `m4_el1` int(1) NOT NULL,
  `m4_el2` int(1) NOT NULL,
  `m4_el3` int(1) NOT NULL,
  `m4_el4` int(1) NOT NULL,
  `m5_el1` int(1) NOT NULL,
  `m5_el2` int(1) NOT NULL,
  `m5_el3` int(1) NOT NULL,
  `m5_el4` int(1) NOT NULL,
  `m6_el1` int(1) NOT NULL,
  `m6_el2` int(1) NOT NULL,
  `m6_el3` int(1) NOT NULL,
  `m6_el4` int(1) NOT NULL,
  `m6_el5` int(1) NOT NULL,
  `m6_el6` int(1) NOT NULL,
  `m6_el7` int(1) NOT NULL,
  `m6_el8` int(1) NOT NULL,
  `m6_el9` int(1) NOT NULL,
  `m7_el1` int(1) NOT NULL,
  `m7_el2` int(1) NOT NULL,
  `m7_el3` int(1) NOT NULL,
  `m7_el4` int(1) NOT NULL,
  `m7_el5` int(1) NOT NULL,
  `m7_el6` int(1) NOT NULL,
  `m7_el7` int(1) NOT NULL,
  `comment1` varchar(500) CHARACTER SET utf8 COLLATE utf8_spanish_ci NOT NULL,
  `comment2` varchar(500) CHARACTER SET utf8 COLLATE utf8_spanish_ci NOT NULL,
  `comment3` varchar(500) CHARACTER SET utf8 COLLATE utf8_spanish_ci NOT NULL,
  `comment4` varchar(500) CHARACTER SET utf8 COLLATE utf8_spanish_ci NOT NULL,
  `nextMileage` int(6) NOT NULL,
  `signature` text CHARACTER SET utf8 COLLATE utf8_unicode_ci NOT NULL,
  `sig_hash` varchar(128) CHARACTER SET utf8 COLLATE utf8_unicode_ci NOT NULL,
  `ip` varchar(46) CHARACTER SET utf8 COLLATE utf8_unicode_ci NOT NULL,
  `created` int(11) NOT NULL,
  PRIMARY KEY (`id`)
) ENGINE=InnoDB AUTO_INCREMENT=55 DEFAULT CHARSET=utf8;

INSERT INTO document VALUES('51','Daniel','González','Toyota','Corolla Gli','2003','JIH002','2000','6389','Carlos','Orjuela','19','07','2016','1','1','1','1','1','1','1','1','1','1','1','1','1','1','1','1','1','1','1','1','1','1','1','3','3','3','2','2','2','2','1','1','1','1','1','1','1','1','1','1','1','1','1','3','3','3','3','3','3','3','dfasbn','adfbadfb','safbnasb','abfaba','5000','[{\"lx\":175,\"ly\":33,\"mx\":175,\"my\":32},{\"lx\":174,\"ly\":32,\"mx\":175,\"my\":33},{\"lx\":174,\"ly\":36,\"mx\":174,\"my\":32},{\"lx\":169,\"ly\":42,\"mx\":174,\"my\":36},{\"lx\":161,\"ly\":54,\"mx\":169,\"my\":42},{\"lx\":156,\"ly\":59,\"mx\":161,\"my\":54},{\"lx\":149,\"ly\":59,\"mx\":156,\"my\":59},{\"lx\":147,\"ly\":59,\"mx\":149,\"my\":59},{\"lx\":141,\"ly\":58,\"mx\":147,\"my\":59},{\"lx\":134,\"ly\":53,\"mx\":141,\"my\":58},{\"lx\":122,\"ly\":48,\"mx\":134,\"my\":53},{\"lx\":117,\"ly\":42,\"mx\":122,\"my\":48},{\"lx\":117,\"ly\":41,\"mx\":117,\"my\":42},{\"lx\":116,\"ly\":43,\"mx\":117,\"my\":41},{\"lx\":111,\"ly\":52,\"mx\":116,\"my\":43},{\"lx\":109,\"ly\":55,\"mx\":111,\"my\":52},{\"lx\":108,\"ly\":56,\"mx\":109,\"my\":55},{\"lx\":105,\"ly\":59,\"mx\":108,\"my\":56},{\"lx\":103,\"ly\":61,\"mx\":105,\"my\":59},{\"lx\":102,\"ly\":61,\"mx\":103,\"my\":61},{\"lx\":95,\"ly\":61,\"mx\":102,\"my\":61},{\"lx\":90,\"ly\":61,\"mx\":95,\"my\":61},{\"lx\":83,\"ly\":61,\"mx\":90,\"my\":61},{\"lx\":77,\"ly\":58,\"mx\":83,\"my\":61},{\"lx\":74,\"ly\":56,\"mx\":77,\"my\":58},{\"lx\":72,\"ly\":55,\"mx\":74,\"my\":56},{\"lx\":70,\"ly\":54,\"mx\":72,\"my\":55},{\"lx\":69,\"ly\":53,\"mx\":70,\"my\":54},{\"lx\":70,\"ly\":51,\"mx\":69,\"my\":53},{\"lx\":72,\"ly\":49,\"mx\":70,\"my\":51},{\"lx\":72,\"ly\":48,\"mx\":72,\"my\":49},{\"lx\":73,\"ly\":48,\"mx\":72,\"my\":48},{\"lx\":79,\"ly\":46,\"mx\":73,\"my\":48},{\"lx\":85,\"ly\":46,\"mx\":79,\"my\":46},{\"lx\":95,\"ly\":47,\"mx\":85,\"my\":46},{\"lx\":104,\"ly\":53,\"mx\":95,\"my\":47},{\"lx\":109,\"ly\":54,\"mx\":104,\"my\":53},{\"lx\":121,\"ly\":56,\"mx\":109,\"my\":54},{\"lx\":122,\"ly\":56,\"mx\":121,\"my\":56},{\"lx\":123,\"ly\":56,\"mx\":122,\"my\":56},{\"lx\":129,\"ly\":56,\"mx\":123,\"my\":56},{\"lx\":143,\"ly\":43,\"mx\":129,\"my\":56},{\"lx\":146,\"ly\":39,\"mx\":143,\"my\":43},{\"lx\":151,\"ly\":24,\"mx\":146,\"my\":39},{\"lx\":154,\"ly\":16,\"mx\":151,\"my\":24},{\"lx\":156,\"ly\":13,\"mx\":154,\"my\":16},{\"lx\":159,\"ly\":7,\"mx\":156,\"my\":13},{\"lx\":160,\"ly\":6,\"mx\":159,\"my\":7},{\"lx\":160,\"ly\":9,\"mx\":160,\"my\":6},{\"lx\":167,\"ly\":32,\"mx\":160,\"my\":9},{\"lx\":170,\"ly\":39,\"mx\":167,\"my\":32},{\"lx\":178,\"ly\":54,\"mx\":170,\"my\":39},{\"lx\":181,\"ly\":62,\"mx\":178,\"my\":54},{\"lx\":182,\"ly\":66,\"mx\":181,\"my\":62},{\"lx\":187,\"ly\":73,\"mx\":182,\"my\":66},{\"lx\":193,\"ly\":78,\"mx\":187,\"my\":73},{\"lx\":195,\"ly\":79,\"mx\":193,\"my\":78},{\"lx\":199,\"ly\":81,\"mx\":195,\"my\":79},{\"lx\":201,\"ly\":81,\"mx\":199,\"my\":81},{\"lx\":202,\"ly\":81,\"mx\":201,\"my\":81},{\"lx\":205,\"ly\":81,\"mx\":202,\"my\":81},{\"lx\":205,\"ly\":80,\"mx\":205,\"my\":81},{\"lx\":207,\"ly\":78,\"mx\":205,\"my\":80}]','fb009bbfe7d925787df99798add4cd0a4ef704d6','127.0.0.1','1468956061');
INSERT INTO document VALUES('52','Edgar','Briceño','Audi','A5','2015','JTU002','12000','6387','Daniel','González','19','07','2016','3','3','3','3','3','3','3','3','3','3','3','3','3','3','3','3','3','1','1','1','1','1','1','1','1','1','2','2','2','2','1','1','1','1','1','1','1','1','1','1','1','1','1','1','1','1','1','1','1','1',NULL,NULL,NULL,NULL,'15000','[{\"lx\":213,\"ly\":53,\"mx\":213,\"my\":52},{\"lx\":211,\"ly\":51,\"mx\":213,\"my\":53},{\"lx\":201,\"ly\":51,\"mx\":211,\"my\":51},{\"lx\":185,\"ly\":51,\"mx\":201,\"my\":51},{\"lx\":163,\"ly\":51,\"mx\":185,\"my\":51},{\"lx\":111,\"ly\":51,\"mx\":163,\"my\":51},{\"lx\":78,\"ly\":49,\"mx\":111,\"my\":51},{\"lx\":71,\"ly\":49,\"mx\":78,\"my\":49},{\"lx\":69,\"ly\":49,\"mx\":71,\"my\":49},{\"lx\":70,\"ly\":49,\"mx\":69,\"my\":49},{\"lx\":78,\"ly\":49,\"mx\":70,\"my\":49},{\"lx\":96,\"ly\":49,\"mx\":78,\"my\":49},{\"lx\":117,\"ly\":41,\"mx\":96,\"my\":49},{\"lx\":121,\"ly\":38,\"mx\":117,\"my\":41},{\"lx\":119,\"ly\":35,\"mx\":121,\"my\":38},{\"lx\":115,\"ly\":33,\"mx\":119,\"my\":35},{\"lx\":98,\"ly\":29,\"mx\":115,\"my\":33},{\"lx\":78,\"ly\":25,\"mx\":98,\"my\":29},{\"lx\":52,\"ly\":17,\"mx\":78,\"my\":25},{\"lx\":30,\"ly\":12,\"mx\":52,\"my\":17},{\"lx\":26,\"ly\":12,\"mx\":30,\"my\":12},{\"lx\":25,\"ly\":12,\"mx\":26,\"my\":12},{\"lx\":23,\"ly\":12,\"mx\":25,\"my\":12},{\"lx\":23,\"ly\":16,\"mx\":23,\"my\":12},{\"lx\":23,\"ly\":26,\"mx\":23,\"my\":16},{\"lx\":27,\"ly\":36,\"mx\":23,\"my\":26},{\"lx\":34,\"ly\":40,\"mx\":27,\"my\":36},{\"lx\":45,\"ly\":47,\"mx\":34,\"my\":40},{\"lx\":64,\"ly\":54,\"mx\":45,\"my\":47},{\"lx\":87,\"ly\":56,\"mx\":64,\"my\":54},{\"lx\":105,\"ly\":56,\"mx\":87,\"my\":56},{\"lx\":120,\"ly\":56,\"mx\":105,\"my\":56},{\"lx\":127,\"ly\":56,\"mx\":120,\"my\":56},{\"lx\":131,\"ly\":55,\"mx\":127,\"my\":56},{\"lx\":133,\"ly\":53,\"mx\":131,\"my\":55},{\"lx\":135,\"ly\":53,\"mx\":133,\"my\":53},{\"lx\":137,\"ly\":51,\"mx\":135,\"my\":53},{\"lx\":138,\"ly\":49,\"mx\":137,\"my\":51},{\"lx\":139,\"ly\":46,\"mx\":138,\"my\":49}]','bb6eb9391604724f3410e543648e0240a9887f5c','127.0.0.1','1468959510');
INSERT INTO document VALUES('53','Andrés ','Cepeda','Dacia','Duster','2016','JIH002','23000','6320','Daniel','González','21','07','2016','1','1','1','1','1','1','1','1','1','1','1','1','1','1','1','1','1','1','1','1','1','1','1','1','1','1','2','2','2','2','2','2','2','2','1','1','1','1','1','1','1','1','1','1','1','1','1','1','1','1',NULL,NULL,NULL,NULL,'23500','[{\"lx\":138,\"ly\":18,\"mx\":138,\"my\":17},{\"lx\":136,\"ly\":18,\"mx\":138,\"my\":18},{\"lx\":134,\"ly\":20,\"mx\":136,\"my\":18},{\"lx\":131,\"ly\":25,\"mx\":134,\"my\":20},{\"lx\":129,\"ly\":28,\"mx\":131,\"my\":25},{\"lx\":123,\"ly\":36,\"mx\":129,\"my\":28},{\"lx\":118,\"ly\":45,\"mx\":123,\"my\":36},{\"lx\":117,\"ly\":50,\"mx\":118,\"my\":45},{\"lx\":117,\"ly\":54,\"mx\":117,\"my\":50},{\"lx\":117,\"ly\":58,\"mx\":117,\"my\":54},{\"lx\":119,\"ly\":61,\"mx\":117,\"my\":58},{\"lx\":121,\"ly\":61,\"mx\":119,\"my\":61},{\"lx\":125,\"ly\":61,\"mx\":121,\"my\":61},{\"lx\":129,\"ly\":61,\"mx\":125,\"my\":61},{\"lx\":133,\"ly\":61,\"mx\":129,\"my\":61},{\"lx\":141,\"ly\":54,\"mx\":133,\"my\":61},{\"lx\":149,\"ly\":48,\"mx\":141,\"my\":54},{\"lx\":158,\"ly\":35,\"mx\":149,\"my\":48},{\"lx\":158,\"ly\":31,\"mx\":158,\"my\":35},{\"lx\":158,\"ly\":20,\"mx\":158,\"my\":31},{\"lx\":158,\"ly\":13,\"mx\":158,\"my\":20},{\"lx\":155,\"ly\":11,\"mx\":158,\"my\":13},{\"lx\":154,\"ly\":11,\"mx\":155,\"my\":11},{\"lx\":152,\"ly\":11,\"mx\":154,\"my\":11},{\"lx\":151,\"ly\":11,\"mx\":152,\"my\":11},{\"lx\":149,\"ly\":11,\"mx\":151,\"my\":11},{\"lx\":144,\"ly\":12,\"mx\":149,\"my\":11},{\"lx\":138,\"ly\":15,\"mx\":144,\"my\":12},{\"lx\":174,\"ly\":21,\"mx\":174,\"my\":20},{\"lx\":173,\"ly\":22,\"mx\":174,\"my\":21},{\"lx\":170,\"ly\":24,\"mx\":173,\"my\":22},{\"lx\":168,\"ly\":27,\"mx\":170,\"my\":24},{\"lx\":164,\"ly\":36,\"mx\":168,\"my\":27},{\"lx\":160,\"ly\":42,\"mx\":164,\"my\":36},{\"lx\":155,\"ly\":51,\"mx\":160,\"my\":42},{\"lx\":155,\"ly\":53,\"mx\":155,\"my\":51},{\"lx\":151,\"ly\":61,\"mx\":155,\"my\":53},{\"lx\":150,\"ly\":68,\"mx\":151,\"my\":61},{\"lx\":150,\"ly\":70,\"mx\":150,\"my\":68},{\"lx\":150,\"ly\":71,\"mx\":150,\"my\":70},{\"lx\":151,\"ly\":70,\"mx\":150,\"my\":71},{\"lx\":194,\"ly\":21,\"mx\":194,\"my\":20},{\"lx\":193,\"ly\":21,\"mx\":194,\"my\":21},{\"lx\":190,\"ly\":23,\"mx\":193,\"my\":21},{\"lx\":183,\"ly\":27,\"mx\":190,\"my\":23},{\"lx\":174,\"ly\":31,\"mx\":183,\"my\":27},{\"lx\":165,\"ly\":33,\"mx\":174,\"my\":31},{\"lx\":157,\"ly\":35,\"mx\":165,\"my\":33},{\"lx\":150,\"ly\":37,\"mx\":157,\"my\":35},{\"lx\":146,\"ly\":40,\"mx\":150,\"my\":37},{\"lx\":142,\"ly\":40,\"mx\":146,\"my\":40},{\"lx\":142,\"ly\":41,\"mx\":142,\"my\":40},{\"lx\":141,\"ly\":41,\"mx\":142,\"my\":41},{\"lx\":142,\"ly\":41,\"mx\":141,\"my\":41},{\"lx\":145,\"ly\":41,\"mx\":142,\"my\":41},{\"lx\":148,\"ly\":42,\"mx\":145,\"my\":41},{\"lx\":154,\"ly\":46,\"mx\":148,\"my\":42},{\"lx\":162,\"ly\":52,\"mx\":154,\"my\":46},{\"lx\":169,\"ly\":58,\"mx\":162,\"my\":52},{\"lx\":174,\"ly\":62,\"mx\":169,\"my\":58}]','d080f859202f375ab3ccdc6a4d5dcab68ec9a221','127.0.0.1','1469130420');
INSERT INTO document VALUES('54','Pedro','Ortíz','Fiat','500','2006','JIH002','1000','6124','Daniel','González','21','07','2016','1','1','1','1','1','1','1','1','1','1','1','1','1','1','1','1','1','1','1','1','1','1','1','3','3','3','2','2','2','2','2','2','2','2','1','1','1','1','1','1','1','1','1','1','1','1','1','1','1','1',NULL,NULL,NULL,NULL,'2000','[{\"lx\":83,\"ly\":44,\"mx\":83,\"my\":43},{\"lx\":84,\"ly\":43,\"mx\":83,\"my\":44},{\"lx\":86,\"ly\":43,\"mx\":84,\"my\":43},{\"lx\":93,\"ly\":43,\"mx\":86,\"my\":43},{\"lx\":103,\"ly\":43,\"mx\":93,\"my\":43},{\"lx\":123,\"ly\":43,\"mx\":103,\"my\":43},{\"lx\":151,\"ly\":43,\"mx\":123,\"my\":43},{\"lx\":178,\"ly\":43,\"mx\":151,\"my\":43},{\"lx\":194,\"ly\":46,\"mx\":178,\"my\":43},{\"lx\":196,\"ly\":46,\"mx\":194,\"my\":46},{\"lx\":198,\"ly\":46,\"mx\":196,\"my\":46},{\"lx\":200,\"ly\":47,\"mx\":198,\"my\":46},{\"lx\":202,\"ly\":47,\"mx\":200,\"my\":47},{\"lx\":203,\"ly\":48,\"mx\":202,\"my\":47},{\"lx\":205,\"ly\":49,\"mx\":203,\"my\":48},{\"lx\":207,\"ly\":50,\"mx\":205,\"my\":49},{\"lx\":142,\"ly\":15,\"mx\":142,\"my\":14},{\"lx\":142,\"ly\":16,\"mx\":142,\"my\":15},{\"lx\":142,\"ly\":24,\"mx\":142,\"my\":16},{\"lx\":142,\"ly\":34,\"mx\":142,\"my\":24},{\"lx\":142,\"ly\":49,\"mx\":142,\"my\":34},{\"lx\":142,\"ly\":68,\"mx\":142,\"my\":49},{\"lx\":142,\"ly\":82,\"mx\":142,\"my\":68},{\"lx\":142,\"ly\":93,\"mx\":142,\"my\":82},{\"lx\":142,\"ly\":97,\"mx\":142,\"my\":93},{\"lx\":142,\"ly\":99,\"mx\":142,\"my\":97}]','de9904f71745e60471ce4cad4562186395469bb9','127.0.0.1','1469134913');



DROP TABLE IF EXISTS subcategory;

CREATE TABLE `subcategory` (
  `subcate_id` int(3) NOT NULL AUTO_INCREMENT,
  `cat_id` int(3) NOT NULL,
  `category` varchar(32) NOT NULL,
  `subcategory` varchar(32) NOT NULL,
  PRIMARY KEY (`subcate_id`)
) ENGINE=InnoDB AUTO_INCREMENT=1596 DEFAULT CHARSET=latin1;

INSERT INTO subcategory VALUES('1','1','Alfa Romeo','145');
INSERT INTO subcategory VALUES('2','1','Alfa Romeo','146');
INSERT INTO subcategory VALUES('3','1','Alfa Romeo','147');
INSERT INTO subcategory VALUES('4','1','Alfa Romeo','155');
INSERT INTO subcategory VALUES('5','1','Alfa Romeo','156');
INSERT INTO subcategory VALUES('6','1','Alfa Romeo','159');
INSERT INTO subcategory VALUES('7','1','Alfa Romeo','164');
INSERT INTO subcategory VALUES('8','1','Alfa Romeo','166');
INSERT INTO subcategory VALUES('9','1','Alfa Romeo','33');
INSERT INTO subcategory VALUES('10','1','Alfa Romeo','75');
INSERT INTO subcategory VALUES('11','1','Alfa Romeo','90');
INSERT INTO subcategory VALUES('12','1','Alfa Romeo','Brera');
INSERT INTO subcategory VALUES('13','1','Alfa Romeo','Crosswagon');
INSERT INTO subcategory VALUES('14','1','Alfa Romeo','Giulietta');
INSERT INTO subcategory VALUES('15','1','Alfa Romeo','Gt');
INSERT INTO subcategory VALUES('16','1','Alfa Romeo','Gtv');
INSERT INTO subcategory VALUES('17','1','Alfa Romeo','Mito');
INSERT INTO subcategory VALUES('18','1','Alfa Romeo','Spider');
INSERT INTO subcategory VALUES('19','1','Alfa Romeo','Sprint');
INSERT INTO subcategory VALUES('20','2','Aston Martin','Cygnet');
INSERT INTO subcategory VALUES('21','2','Aston Martin','Db7');
INSERT INTO subcategory VALUES('22','2','Aston Martin','Db9');
INSERT INTO subcategory VALUES('23','2','Aston Martin','Dbs');
INSERT INTO subcategory VALUES('24','2','Aston Martin','Rapide');
INSERT INTO subcategory VALUES('25','2','Aston Martin','V8');
INSERT INTO subcategory VALUES('26','2','Aston Martin','V8 Vantage');
INSERT INTO subcategory VALUES('27','2','Aston Martin','Vanquish');
INSERT INTO subcategory VALUES('28','2','Aston Martin','Vantage');
INSERT INTO subcategory VALUES('29','2','Aston Martin','Vantage V12');
INSERT INTO subcategory VALUES('30','2','Aston Martin','Vantage V8');
INSERT INTO subcategory VALUES('31','2','Aston Martin','Virage');
INSERT INTO subcategory VALUES('32','2','Aston Martin','Volante');
INSERT INTO subcategory VALUES('33','3','Audi','100');
INSERT INTO subcategory VALUES('34','3','Audi','200');
INSERT INTO subcategory VALUES('35','3','Audi','80');
INSERT INTO subcategory VALUES('36','3','Audi','90');
INSERT INTO subcategory VALUES('37','3','Audi','A1');
INSERT INTO subcategory VALUES('38','3','Audi','A2');
INSERT INTO subcategory VALUES('39','3','Audi','A3');
INSERT INTO subcategory VALUES('40','3','Audi','A4');
INSERT INTO subcategory VALUES('41','3','Audi','A4 Allroad Quattro');
INSERT INTO subcategory VALUES('42','3','Audi','A5');
INSERT INTO subcategory VALUES('43','3','Audi','A6');
INSERT INTO subcategory VALUES('44','3','Audi','A6 Allroad Quattro');
INSERT INTO subcategory VALUES('45','3','Audi','A7');
INSERT INTO subcategory VALUES('46','3','Audi','A8');
INSERT INTO subcategory VALUES('47','3','Audi','Allroad Quattro');
INSERT INTO subcategory VALUES('48','3','Audi','Cabriolet');
INSERT INTO subcategory VALUES('49','3','Audi','Coupe');
INSERT INTO subcategory VALUES('50','3','Audi','Q3');
INSERT INTO subcategory VALUES('51','3','Audi','Q5');
INSERT INTO subcategory VALUES('52','3','Audi','Q7');
INSERT INTO subcategory VALUES('53','3','Audi','R8');
INSERT INTO subcategory VALUES('54','3','Audi','Rs2');
INSERT INTO subcategory VALUES('55','3','Audi','Rs3');
INSERT INTO subcategory VALUES('56','3','Audi','Rs4');
INSERT INTO subcategory VALUES('57','3','Audi','Rs5');
INSERT INTO subcategory VALUES('58','3','Audi','Rs6');
INSERT INTO subcategory VALUES('59','3','Audi','S2');
INSERT INTO subcategory VALUES('60','3','Audi','S3');
INSERT INTO subcategory VALUES('61','3','Audi','S4');
INSERT INTO subcategory VALUES('62','3','Audi','S5');
INSERT INTO subcategory VALUES('63','3','Audi','S6');
INSERT INTO subcategory VALUES('64','3','Audi','S7');
INSERT INTO subcategory VALUES('65','3','Audi','S8');
INSERT INTO subcategory VALUES('66','3','Audi','Sq5');
INSERT INTO subcategory VALUES('67','3','Audi','Tt');
INSERT INTO subcategory VALUES('68','3','Audi','Tt Rs');
INSERT INTO subcategory VALUES('69','3','Audi','Tts');
INSERT INTO subcategory VALUES('70','3','Audi','V8');
INSERT INTO subcategory VALUES('71','4','Bmw','116 I');
INSERT INTO subcategory VALUES('72','4','Bmw','120I Cp');
INSERT INTO subcategory VALUES('73','4','Bmw','1600');
INSERT INTO subcategory VALUES('74','4','Bmw','2000');
INSERT INTO subcategory VALUES('75','4','Bmw','3.0 L');
INSERT INTO subcategory VALUES('76','4','Bmw','316 I');
INSERT INTO subcategory VALUES('77','4','Bmw','318 I');
INSERT INTO subcategory VALUES('78','4','Bmw','318 Ti');
INSERT INTO subcategory VALUES('79','4','Bmw','320');
INSERT INTO subcategory VALUES('80','4','Bmw','325');
INSERT INTO subcategory VALUES('81','4','Bmw','325 Ci');
INSERT INTO subcategory VALUES('82','4','Bmw','325 I');
INSERT INTO subcategory VALUES('83','4','Bmw','325 Is');
INSERT INTO subcategory VALUES('84','4','Bmw','328 I');
INSERT INTO subcategory VALUES('85','4','Bmw','328 Ic');
INSERT INTO subcategory VALUES('86','4','Bmw','330 Ci');
INSERT INTO subcategory VALUES('87','4','Bmw','525');
INSERT INTO subcategory VALUES('88','4','Bmw','525 I');
INSERT INTO subcategory VALUES('89','4','Bmw','540 I');
INSERT INTO subcategory VALUES('90','4','Bmw','650 Ic');
INSERT INTO subcategory VALUES('91','4','Bmw','Compact');
INSERT INTO subcategory VALUES('92','4','Bmw','F 650');
INSERT INTO subcategory VALUES('93','4','Bmw','Golden Flash');
INSERT INTO subcategory VALUES('94','4','Bmw','Moto');
INSERT INTO subcategory VALUES('95','4','Bmw','Serie 1');
INSERT INTO subcategory VALUES('96','4','Bmw','Serie 3');
INSERT INTO subcategory VALUES('97','4','Bmw','Serie 5');
INSERT INTO subcategory VALUES('98','4','Bmw','Serie 6');
INSERT INTO subcategory VALUES('99','4','Bmw','Serie 7');
INSERT INTO subcategory VALUES('100','4','Bmw','Serie 8');
INSERT INTO subcategory VALUES('101','4','Bmw','X1');
INSERT INTO subcategory VALUES('102','4','Bmw','X3');
INSERT INTO subcategory VALUES('103','4','Bmw','X5');
INSERT INTO subcategory VALUES('104','4','Bmw','X6');
INSERT INTO subcategory VALUES('105','4','Bmw','Z1');
INSERT INTO subcategory VALUES('106','4','Bmw','Z3');
INSERT INTO subcategory VALUES('107','4','Bmw','Z4');
INSERT INTO subcategory VALUES('108','4','Bmw','Z8');
INSERT INTO subcategory VALUES('109','5','Chana','Benni Sc 7133A');
INSERT INTO subcategory VALUES('110','5','Chana','Luxury');
INSERT INTO subcategory VALUES('111','5','Chana','Star');
INSERT INTO subcategory VALUES('112','5','Chana','Van');
INSERT INTO subcategory VALUES('113','6','Chery','A 113');
INSERT INTO subcategory VALUES('114','6','Chery','Qq');
INSERT INTO subcategory VALUES('115','6','Chery','Qq 311');
INSERT INTO subcategory VALUES('116','6','Chery','Yoya');
INSERT INTO subcategory VALUES('117','7','Chevrolet','724');
INSERT INTO subcategory VALUES('118','7','Chevrolet','3500');
INSERT INTO subcategory VALUES('119','7','Chevrolet','50');
INSERT INTO subcategory VALUES('120','7','Chevrolet','600');
INSERT INTO subcategory VALUES('121','7','Chevrolet','Alero');
INSERT INTO subcategory VALUES('122','7','Chevrolet','Alto');
INSERT INTO subcategory VALUES('123','7','Chevrolet','Astra');
INSERT INTO subcategory VALUES('124','7','Chevrolet','Astro');
INSERT INTO subcategory VALUES('125','7','Chevrolet','Aveo');
INSERT INTO subcategory VALUES('126','7','Chevrolet','Aveo Emotion');
INSERT INTO subcategory VALUES('127','7','Chevrolet','Aveo Emotion Gti');
INSERT INTO subcategory VALUES('128','7','Chevrolet','Aveo Emotion L');
INSERT INTO subcategory VALUES('129','7','Chevrolet','Aveo Family');
INSERT INTO subcategory VALUES('130','7','Chevrolet','Aveo Five');
INSERT INTO subcategory VALUES('131','7','Chevrolet','Aveo Gt Emotion');
INSERT INTO subcategory VALUES('132','7','Chevrolet','Aveo Gti 1.6L Mt Ed Especial');
INSERT INTO subcategory VALUES('133','7','Chevrolet','Aveo L');
INSERT INTO subcategory VALUES('134','7','Chevrolet','Aveo Limited Gti');
INSERT INTO subcategory VALUES('135','7','Chevrolet','Aveo Ls');
INSERT INTO subcategory VALUES('136','7','Chevrolet','B 60');
INSERT INTO subcategory VALUES('137','7','Chevrolet','B 70');
INSERT INTO subcategory VALUES('138','7','Chevrolet','Blazer');
INSERT INTO subcategory VALUES('139','7','Chevrolet','Blazer 310');
INSERT INTO subcategory VALUES('140','7','Chevrolet','C 1500 Silverado');
INSERT INTO subcategory VALUES('141','7','Chevrolet','C 30');
INSERT INTO subcategory VALUES('142','7','Chevrolet','C 70');
INSERT INTO subcategory VALUES('143','7','Chevrolet','Camaro');
INSERT INTO subcategory VALUES('144','7','Chevrolet','Captiva');
INSERT INTO subcategory VALUES('145','7','Chevrolet','Captiva Sport');
INSERT INTO subcategory VALUES('146','7','Chevrolet','Carryall');
INSERT INTO subcategory VALUES('147','7','Chevrolet','Cavalier');
INSERT INTO subcategory VALUES('148','7','Chevrolet','Chevette');
INSERT INTO subcategory VALUES('149','7','Chevrolet','Cheviblazer');
INSERT INTO subcategory VALUES('150','7','Chevrolet','Chevy C2');
INSERT INTO subcategory VALUES('151','7','Chevrolet','Chevy Taxy');
INSERT INTO subcategory VALUES('152','7','Chevrolet','Cheyenne');
INSERT INTO subcategory VALUES('153','7','Chevrolet','Cheyenne C');
INSERT INTO subcategory VALUES('154','7','Chevrolet','Chr');
INSERT INTO subcategory VALUES('155','7','Chevrolet','Chr 660 Turbo');
INSERT INTO subcategory VALUES('156','7','Chevrolet','Chr 7.2 Turbo');
INSERT INTO subcategory VALUES('157','7','Chevrolet','Corsa');
INSERT INTO subcategory VALUES('158','7','Chevrolet','Corsa @Ctive');
INSERT INTO subcategory VALUES('159','7','Chevrolet','Corsa Evolution');
INSERT INTO subcategory VALUES('160','7','Chevrolet','Corsa Evolution Gls');
INSERT INTO subcategory VALUES('161','7','Chevrolet','Corsa Gl');
INSERT INTO subcategory VALUES('162','7','Chevrolet','Corsa Gls');
INSERT INTO subcategory VALUES('163','7','Chevrolet','Corsa L');
INSERT INTO subcategory VALUES('164','7','Chevrolet','Corsa Venezolano');
INSERT INTO subcategory VALUES('165','7','Chevrolet','Corsa Wind');
INSERT INTO subcategory VALUES('166','7','Chevrolet','Corsa Wind C');
INSERT INTO subcategory VALUES('167','7','Chevrolet','Corvette');
INSERT INTO subcategory VALUES('168','7','Chevrolet','Cruze');
INSERT INTO subcategory VALUES('169','7','Chevrolet','Cruze Platinum');
INSERT INTO subcategory VALUES('170','7','Chevrolet','D-Max');
INSERT INTO subcategory VALUES('171','7','Chevrolet','Epica');
INSERT INTO subcategory VALUES('172','7','Chevrolet','Equinox');
INSERT INTO subcategory VALUES('173','7','Chevrolet','Esteem');
INSERT INTO subcategory VALUES('174','7','Chevrolet','Esteem L');
INSERT INTO subcategory VALUES('175','7','Chevrolet','Evanda');
INSERT INTO subcategory VALUES('176','7','Chevrolet','Ftr');
INSERT INTO subcategory VALUES('177','7','Chevrolet','Fvr');
INSERT INTO subcategory VALUES('178','7','Chevrolet','Grand Blazer');
INSERT INTO subcategory VALUES('179','7','Chevrolet','Grand Vitara');
INSERT INTO subcategory VALUES('180','7','Chevrolet','Grand Vitara Sz');
INSERT INTO subcategory VALUES('181','7','Chevrolet','Hhr');
INSERT INTO subcategory VALUES('182','7','Chevrolet','Jimny');
INSERT INTO subcategory VALUES('183','7','Chevrolet','Kalos');
INSERT INTO subcategory VALUES('184','7','Chevrolet','Kingswood');
INSERT INTO subcategory VALUES('185','7','Chevrolet','Kodiak');
INSERT INTO subcategory VALUES('186','7','Chevrolet','Kodiak 156');
INSERT INTO subcategory VALUES('187','7','Chevrolet','Kodiak 241');
INSERT INTO subcategory VALUES('188','7','Chevrolet','Kodiak 7500');
INSERT INTO subcategory VALUES('189','7','Chevrolet','Lacetti');
INSERT INTO subcategory VALUES('190','7','Chevrolet','Lt 500');
INSERT INTO subcategory VALUES('191','7','Chevrolet','Luv');
INSERT INTO subcategory VALUES('192','7','Chevrolet','Luv Basica');
INSERT INTO subcategory VALUES('193','7','Chevrolet','Luv D Max');
INSERT INTO subcategory VALUES('194','7','Chevrolet','Luv D Max Dsl');
INSERT INTO subcategory VALUES('195','7','Chevrolet','Luv Dc');
INSERT INTO subcategory VALUES('196','7','Chevrolet','Luv Estandar');
INSERT INTO subcategory VALUES('197','7','Chevrolet','Luv Kb 41');
INSERT INTO subcategory VALUES('198','7','Chevrolet','Luv Tfr');
INSERT INTO subcategory VALUES('199','7','Chevrolet','Luv Tfr Crew');
INSERT INTO subcategory VALUES('200','7','Chevrolet','Luv Tfs');
INSERT INTO subcategory VALUES('201','7','Chevrolet','Luv Tfs 41');
INSERT INTO subcategory VALUES('202','7','Chevrolet','Luv Tfs Dlx');
INSERT INTO subcategory VALUES('203','7','Chevrolet','Malibu');
INSERT INTO subcategory VALUES('204','7','Chevrolet','Matiz');
INSERT INTO subcategory VALUES('205','7','Chevrolet','Monza');
INSERT INTO subcategory VALUES('206','7','Chevrolet','Monza Classic');
INSERT INTO subcategory VALUES('207','7','Chevrolet','N200');
INSERT INTO subcategory VALUES('208','7','Chevrolet','N300');
INSERT INTO subcategory VALUES('209','7','Chevrolet','Nhr');
INSERT INTO subcategory VALUES('210','7','Chevrolet','Nkr');
INSERT INTO subcategory VALUES('211','7','Chevrolet','Nnr');
INSERT INTO subcategory VALUES('212','7','Chevrolet','No Se Ingreso');
INSERT INTO subcategory VALUES('213','7','Chevrolet','Npr');
INSERT INTO subcategory VALUES('214','7','Chevrolet','Npr 100P');
INSERT INTO subcategory VALUES('215','7','Chevrolet','Npr 729');
INSERT INTO subcategory VALUES('216','7','Chevrolet','Nubira');
INSERT INTO subcategory VALUES('217','7','Chevrolet','Optra');
INSERT INTO subcategory VALUES('218','7','Chevrolet','Optra Advance');
INSERT INTO subcategory VALUES('219','7','Chevrolet','Orlando');
INSERT INTO subcategory VALUES('220','7','Chevrolet','Rodeo');
INSERT INTO subcategory VALUES('221','7','Chevrolet','Sail');
INSERT INTO subcategory VALUES('222','7','Chevrolet','Samurai');
INSERT INTO subcategory VALUES('223','7','Chevrolet','Samurai Hard Top');
INSERT INTO subcategory VALUES('224','7','Chevrolet','Silverado');
INSERT INTO subcategory VALUES('225','7','Chevrolet','Sin Linea');
INSERT INTO subcategory VALUES('226','7','Chevrolet','Sonic');
INSERT INTO subcategory VALUES('227','7','Chevrolet','Spark');
INSERT INTO subcategory VALUES('228','7','Chevrolet','Spark Go');
INSERT INTO subcategory VALUES('229','7','Chevrolet','Spark Local');
INSERT INTO subcategory VALUES('230','7','Chevrolet','Spark Ls');
INSERT INTO subcategory VALUES('231','7','Chevrolet','Sport Van');
INSERT INTO subcategory VALUES('232','7','Chevrolet','Sprint');
INSERT INTO subcategory VALUES('233','7','Chevrolet','Sprint 2Da Serie');
INSERT INTO subcategory VALUES('234','7','Chevrolet','Suburban');
INSERT INTO subcategory VALUES('235','7','Chevrolet','Super Capry Van');
INSERT INTO subcategory VALUES('236','7','Chevrolet','Super Carry');
INSERT INTO subcategory VALUES('237','7','Chevrolet','Super Carry Cargo');
INSERT INTO subcategory VALUES('238','7','Chevrolet','Swift');
INSERT INTO subcategory VALUES('239','7','Chevrolet','Swift Gl');
INSERT INTO subcategory VALUES('240','7','Chevrolet','Tacuma');
INSERT INTO subcategory VALUES('241','7','Chevrolet','Tahoe');
INSERT INTO subcategory VALUES('242','7','Chevrolet','Taxi Power');
INSERT INTO subcategory VALUES('243','7','Chevrolet','Tracker');
INSERT INTO subcategory VALUES('244','7','Chevrolet','Traiblazer Lt2');
INSERT INTO subcategory VALUES('245','7','Chevrolet','Trail Blazer');
INSERT INTO subcategory VALUES('246','7','Chevrolet','Trailblazer');
INSERT INTO subcategory VALUES('247','7','Chevrolet','Trans Sport');
INSERT INTO subcategory VALUES('248','7','Chevrolet','Trooper');
INSERT INTO subcategory VALUES('249','7','Chevrolet','Trooper 960');
INSERT INTO subcategory VALUES('250','7','Chevrolet','Van N200 1.2L M/T Plus');
INSERT INTO subcategory VALUES('251','7','Chevrolet','Vitara');
INSERT INTO subcategory VALUES('252','7','Chevrolet','Vivant');
INSERT INTO subcategory VALUES('253','7','Chevrolet','Volqueta C70');
INSERT INTO subcategory VALUES('254','7','Chevrolet','Volt');
INSERT INTO subcategory VALUES('255','7','Chevrolet','Wagon R');
INSERT INTO subcategory VALUES('256','7','Chevrolet','Weapon');
INSERT INTO subcategory VALUES('257','7','Chevrolet','Wfr');
INSERT INTO subcategory VALUES('258','7','Chevrolet','Zafira');
INSERT INTO subcategory VALUES('259','8','Chrysler','300C');
INSERT INTO subcategory VALUES('260','8','Chrysler','300M');
INSERT INTO subcategory VALUES('261','8','Chrysler','Crossfire');
INSERT INTO subcategory VALUES('262','8','Chrysler','Grand Voyager');
INSERT INTO subcategory VALUES('263','8','Chrysler','Le Baron');
INSERT INTO subcategory VALUES('264','8','Chrysler','Neon');
INSERT INTO subcategory VALUES('265','8','Chrysler','New Yorker');
INSERT INTO subcategory VALUES('266','8','Chrysler','Pacifica Touring');
INSERT INTO subcategory VALUES('267','8','Chrysler','Pt Cruiser');
INSERT INTO subcategory VALUES('268','8','Chrysler','Saratoga');
INSERT INTO subcategory VALUES('269','8','Chrysler','Sebring');
INSERT INTO subcategory VALUES('270','8','Chrysler','Sebring 200C');
INSERT INTO subcategory VALUES('271','8','Chrysler','Stratus');
INSERT INTO subcategory VALUES('272','8','Chrysler','Viper');
INSERT INTO subcategory VALUES('273','8','Chrysler','Vision');
INSERT INTO subcategory VALUES('274','8','Chrysler','Voyager');
INSERT INTO subcategory VALUES('275','9','Citroen','2Cv');
INSERT INTO subcategory VALUES('276','9','Citroen','Ax');
INSERT INTO subcategory VALUES('277','9','Citroen','Berlingo');
INSERT INTO subcategory VALUES('278','9','Citroen','Berlingo First');
INSERT INTO subcategory VALUES('279','9','Citroen','Bx');
INSERT INTO subcategory VALUES('280','9','Citroen','C1');
INSERT INTO subcategory VALUES('281','9','Citroen','C15');
INSERT INTO subcategory VALUES('282','9','Citroen','C2');
INSERT INTO subcategory VALUES('283','9','Citroen','C25');
INSERT INTO subcategory VALUES('284','9','Citroen','C3');
INSERT INTO subcategory VALUES('285','9','Citroen','C3 Picasso');
INSERT INTO subcategory VALUES('286','9','Citroen','C3 Pluriel');
INSERT INTO subcategory VALUES('287','9','Citroen','C4');
INSERT INTO subcategory VALUES('288','9','Citroen','C4 Aircross');
INSERT INTO subcategory VALUES('289','9','Citroen','C4 Picasso');
INSERT INTO subcategory VALUES('290','9','Citroen','C4 Sedan');
INSERT INTO subcategory VALUES('291','9','Citroen','C5');
INSERT INTO subcategory VALUES('292','9','Citroen','C5 Sx');
INSERT INTO subcategory VALUES('293','9','Citroen','C6');
INSERT INTO subcategory VALUES('294','9','Citroen','C8');
INSERT INTO subcategory VALUES('295','9','Citroen','Ccrosser');
INSERT INTO subcategory VALUES('296','9','Citroen','Celysee');
INSERT INTO subcategory VALUES('297','9','Citroen','Cx');
INSERT INTO subcategory VALUES('298','9','Citroen','Czero');
INSERT INTO subcategory VALUES('299','9','Citroen','Ds3');
INSERT INTO subcategory VALUES('300','9','Citroen','Ds4');
INSERT INTO subcategory VALUES('301','9','Citroen','Ds5');
INSERT INTO subcategory VALUES('302','9','Citroen','Evasion');
INSERT INTO subcategory VALUES('303','9','Citroen','Grand C4 Picasso');
INSERT INTO subcategory VALUES('304','9','Citroen','Gsa');
INSERT INTO subcategory VALUES('305','9','Citroen','Jumper');
INSERT INTO subcategory VALUES('306','9','Citroen','Jumpy');
INSERT INTO subcategory VALUES('307','9','Citroen','Lna');
INSERT INTO subcategory VALUES('308','9','Citroen','Nemo');
INSERT INTO subcategory VALUES('309','9','Citroen','Saxo');
INSERT INTO subcategory VALUES('310','9','Citroen','Sport');
INSERT INTO subcategory VALUES('311','9','Citroen','Visa');
INSERT INTO subcategory VALUES('312','9','Citroen','Xantia');
INSERT INTO subcategory VALUES('313','9','Citroen','Xm');
INSERT INTO subcategory VALUES('314','9','Citroen','Xsara');
INSERT INTO subcategory VALUES('315','9','Citroen','Xsara Picasso');
INSERT INTO subcategory VALUES('316','9','Citroen','Xsara Picasso Exclusive 2.0 16V');
INSERT INTO subcategory VALUES('317','9','Citroen','Zx');
INSERT INTO subcategory VALUES('318','10','Dacia','1300');
INSERT INTO subcategory VALUES('319','10','Dacia','1410');
INSERT INTO subcategory VALUES('320','10','Dacia','Contac');
INSERT INTO subcategory VALUES('321','10','Dacia','Duster');
INSERT INTO subcategory VALUES('322','10','Dacia','Lodgy');
INSERT INTO subcategory VALUES('323','10','Dacia','Logan');
INSERT INTO subcategory VALUES('324','10','Dacia','Sandero');
INSERT INTO subcategory VALUES('325','10','Dacia','Tx');
INSERT INTO subcategory VALUES('326','11','Daewoo','Aranos');
INSERT INTO subcategory VALUES('327','11','Daewoo','Cielo');
INSERT INTO subcategory VALUES('328','11','Daewoo','Cielo Bx');
INSERT INTO subcategory VALUES('329','11','Daewoo','Cielo Gle');
INSERT INTO subcategory VALUES('330','11','Daewoo','Compact');
INSERT INTO subcategory VALUES('331','11','Daewoo','Damas Coach Dlx');
INSERT INTO subcategory VALUES('332','11','Daewoo','Espero');
INSERT INTO subcategory VALUES('333','11','Daewoo','Evanda');
INSERT INTO subcategory VALUES('334','11','Daewoo','Kalos');
INSERT INTO subcategory VALUES('335','11','Daewoo','Lacetti');
INSERT INTO subcategory VALUES('336','11','Daewoo','Lanos');
INSERT INTO subcategory VALUES('337','11','Daewoo','Lanos S');
INSERT INTO subcategory VALUES('338','11','Daewoo','Lanos Se');
INSERT INTO subcategory VALUES('339','11','Daewoo','Leganza');
INSERT INTO subcategory VALUES('340','11','Daewoo','Matiz');
INSERT INTO subcategory VALUES('341','11','Daewoo','Nexia');
INSERT INTO subcategory VALUES('342','11','Daewoo','Nubira');
INSERT INTO subcategory VALUES('343','11','Daewoo','Nubira Compact');
INSERT INTO subcategory VALUES('344','11','Daewoo','Optra');
INSERT INTO subcategory VALUES('345','11','Daewoo','Racer');
INSERT INTO subcategory VALUES('346','11','Daewoo','Racer Gti');
INSERT INTO subcategory VALUES('347','11','Daewoo','Sonata Gl');
INSERT INTO subcategory VALUES('348','11','Daewoo','Sonata Gls');
INSERT INTO subcategory VALUES('349','11','Daewoo','Tacuma');
INSERT INTO subcategory VALUES('350','11','Daewoo','Tico');
INSERT INTO subcategory VALUES('351','12','Daihatsu','Applause');
INSERT INTO subcategory VALUES('352','12','Daihatsu','Cab Vsan S85Lv Zndk');
INSERT INTO subcategory VALUES('353','12','Daihatsu','Charade');
INSERT INTO subcategory VALUES('354','12','Daihatsu','Charade G10');
INSERT INTO subcategory VALUES('355','12','Daihatsu','Delta');
INSERT INTO subcategory VALUES('356','12','Daihatsu','Feroza');
INSERT INTO subcategory VALUES('357','12','Daihatsu','Gran Move');
INSERT INTO subcategory VALUES('358','12','Daihatsu','H 100 Grace Gs');
INSERT INTO subcategory VALUES('359','12','Daihatsu','H100 All Truck Gl');
INSERT INTO subcategory VALUES('360','12','Daihatsu','H100 Panel Van Dlx/Gl');
INSERT INTO subcategory VALUES('361','12','Daihatsu','H100 Porter');
INSERT INTO subcategory VALUES('362','12','Daihatsu','Porter');
INSERT INTO subcategory VALUES('363','12','Daihatsu','Rocky');
INSERT INTO subcategory VALUES('364','12','Daihatsu','Sirion');
INSERT INTO subcategory VALUES('365','12','Daihatsu','Terios');
INSERT INTO subcategory VALUES('366','12','Daihatsu','Terios J100Lg Gmxe');
INSERT INTO subcategory VALUES('367','12','Daihatsu','Terios J210Lg-Gmdf');
INSERT INTO subcategory VALUES('368','12','Daihatsu','Yrv');
INSERT INTO subcategory VALUES('369','13','Dfm','Eq1020Tf');
INSERT INTO subcategory VALUES('370','13','Dfm','Sin Linea');
INSERT INTO subcategory VALUES('371','14','Dodge','Avenger');
INSERT INTO subcategory VALUES('372','14','Dodge','Caliber');
INSERT INTO subcategory VALUES('373','14','Dodge','D 100');
INSERT INTO subcategory VALUES('374','14','Dodge','Journey');
INSERT INTO subcategory VALUES('375','14','Dodge','Nitro');
INSERT INTO subcategory VALUES('376','14','Dodge','Ram');
INSERT INTO subcategory VALUES('377','14','Dodge','Ram 1500');
INSERT INTO subcategory VALUES('378','14','Dodge','Viper');
INSERT INTO subcategory VALUES('379','14','Dodge','Weapon');
INSERT INTO subcategory VALUES('380','15','Fiat','125');
INSERT INTO subcategory VALUES('381','15','Fiat','147 Gl');
INSERT INTO subcategory VALUES('382','15','Fiat','2200');
INSERT INTO subcategory VALUES('383','15','Fiat','2300');
INSERT INTO subcategory VALUES('384','15','Fiat','500');
INSERT INTO subcategory VALUES('385','15','Fiat','500C');
INSERT INTO subcategory VALUES('386','15','Fiat','500L');
INSERT INTO subcategory VALUES('387','15','Fiat','600');
INSERT INTO subcategory VALUES('388','15','Fiat','Applause');
INSERT INTO subcategory VALUES('389','15','Fiat','Argenta');
INSERT INTO subcategory VALUES('390','15','Fiat','Barchetta');
INSERT INTO subcategory VALUES('391','15','Fiat','Brava');
INSERT INTO subcategory VALUES('392','15','Fiat','Bravo');
INSERT INTO subcategory VALUES('393','15','Fiat','Cinquecento');
INSERT INTO subcategory VALUES('394','15','Fiat','Coupe');
INSERT INTO subcategory VALUES('395','15','Fiat','Croma');
INSERT INTO subcategory VALUES('396','15','Fiat','Doblo');
INSERT INTO subcategory VALUES('397','15','Fiat','Doblo Cargo');
INSERT INTO subcategory VALUES('398','15','Fiat','Ducato');
INSERT INTO subcategory VALUES('399','15','Fiat','Fiorino');
INSERT INTO subcategory VALUES('400','15','Fiat','Freemont');
INSERT INTO subcategory VALUES('401','15','Fiat','Grande Punto');
INSERT INTO subcategory VALUES('402','15','Fiat','Idea');
INSERT INTO subcategory VALUES('403','15','Fiat','Linea');
INSERT INTO subcategory VALUES('404','15','Fiat','Marea');
INSERT INTO subcategory VALUES('405','15','Fiat','Multipla');
INSERT INTO subcategory VALUES('406','15','Fiat','Palio');
INSERT INTO subcategory VALUES('407','15','Fiat','Palio Adventure');
INSERT INTO subcategory VALUES('408','15','Fiat','Palio Edx');
INSERT INTO subcategory VALUES('409','15','Fiat','Palio Elx');
INSERT INTO subcategory VALUES('410','15','Fiat','Palio Fire');
INSERT INTO subcategory VALUES('411','15','Fiat','Palio Weekend');
INSERT INTO subcategory VALUES('412','15','Fiat','Palio Young');
INSERT INTO subcategory VALUES('413','15','Fiat','Panda');
INSERT INTO subcategory VALUES('414','15','Fiat','Panda Classic');
INSERT INTO subcategory VALUES('415','15','Fiat','Premio');
INSERT INTO subcategory VALUES('416','15','Fiat','Punto');
INSERT INTO subcategory VALUES('417','15','Fiat','Punto Classic');
INSERT INTO subcategory VALUES('418','15','Fiat','Punto Evo');
INSERT INTO subcategory VALUES('419','15','Fiat','Qubo');
INSERT INTO subcategory VALUES('420','15','Fiat','Regata');
INSERT INTO subcategory VALUES('421','15','Fiat','Ritmo');
INSERT INTO subcategory VALUES('422','15','Fiat','Sedici');
INSERT INTO subcategory VALUES('423','15','Fiat','Seicento');
INSERT INTO subcategory VALUES('424','15','Fiat','Siena');
INSERT INTO subcategory VALUES('425','15','Fiat','Siena Hl');
INSERT INTO subcategory VALUES('426','15','Fiat','Stilo');
INSERT INTO subcategory VALUES('427','15','Fiat','Strada');
INSERT INTO subcategory VALUES('428','15','Fiat','Talento');
INSERT INTO subcategory VALUES('429','15','Fiat','Tempra');
INSERT INTO subcategory VALUES('430','15','Fiat','Tipo');
INSERT INTO subcategory VALUES('431','15','Fiat','Ulysse');
INSERT INTO subcategory VALUES('432','15','Fiat','Uno');
INSERT INTO subcategory VALUES('433','15','Fiat','Uno Fire');
INSERT INTO subcategory VALUES('434','15','Fiat','Uno S');
INSERT INTO subcategory VALUES('435','16','Ford','1 Fln 3M Laser');
INSERT INTO subcategory VALUES('436','16','Ford','300');
INSERT INTO subcategory VALUES('437','16','Ford','4500');
INSERT INTO subcategory VALUES('438','16','Ford','600');
INSERT INTO subcategory VALUES('439','16','Ford','8000');
INSERT INTO subcategory VALUES('440','16','Ford','9000');
INSERT INTO subcategory VALUES('441','16','Ford','9F1N3M');
INSERT INTO subcategory VALUES('442','16','Ford','Blazer');
INSERT INTO subcategory VALUES('443','16','Ford','Bmax');
INSERT INTO subcategory VALUES('444','16','Ford','Capri');
INSERT INTO subcategory VALUES('445','16','Ford','Cargo');
INSERT INTO subcategory VALUES('446','16','Ford','Club Wagon');
INSERT INTO subcategory VALUES('447','16','Ford','Cmax');
INSERT INTO subcategory VALUES('448','16','Ford','Cortina');
INSERT INTO subcategory VALUES('449','16','Ford','Cougar');
INSERT INTO subcategory VALUES('450','16','Ford','Coupe Fx');
INSERT INTO subcategory VALUES('451','16','Ford','Courier');
INSERT INTO subcategory VALUES('452','16','Ford','Ecoline 200');
INSERT INTO subcategory VALUES('453','16','Ford','Econoline');
INSERT INTO subcategory VALUES('454','16','Ford','Ecosport');
INSERT INTO subcategory VALUES('455','16','Ford','Eddie Bauer');
INSERT INTO subcategory VALUES('456','16','Ford','Edge Limited');
INSERT INTO subcategory VALUES('457','16','Ford','Escape');
INSERT INTO subcategory VALUES('458','16','Ford','Escape 4Dr Xlt');
INSERT INTO subcategory VALUES('459','16','Ford','Escape Xls');
INSERT INTO subcategory VALUES('460','16','Ford','Escort');
INSERT INTO subcategory VALUES('461','16','Ford','Expedition');
INSERT INTO subcategory VALUES('462','16','Ford','Expedition Eddie Bauer');
INSERT INTO subcategory VALUES('463','16','Ford','Explorer');
INSERT INTO subcategory VALUES('464','16','Ford','Explorer Elite');
INSERT INTO subcategory VALUES('465','16','Ford','Explorer Elite Xlt');
INSERT INTO subcategory VALUES('466','16','Ford','Explorer Sport');
INSERT INTO subcategory VALUES('467','16','Ford','Explorer Sport Trac');
INSERT INTO subcategory VALUES('468','16','Ford','Explorer Xl');
INSERT INTO subcategory VALUES('469','16','Ford','Explorer Xls');
INSERT INTO subcategory VALUES('470','16','Ford','Explorer Xlt');
INSERT INTO subcategory VALUES('471','16','Ford','F 150');
INSERT INTO subcategory VALUES('472','16','Ford','F 150 Xl');
INSERT INTO subcategory VALUES('473','16','Ford','F 150 Xlt');
INSERT INTO subcategory VALUES('474','16','Ford','F 350');
INSERT INTO subcategory VALUES('475','16','Ford','F 450 Super Duty');
INSERT INTO subcategory VALUES('476','16','Ford','F 7000');
INSERT INTO subcategory VALUES('477','16','Ford','F 800');
INSERT INTO subcategory VALUES('478','16','Ford','F26D47');
INSERT INTO subcategory VALUES('479','16','Ford','Festiva');
INSERT INTO subcategory VALUES('480','16','Ford','Festiva Avila');
INSERT INTO subcategory VALUES('481','16','Ford','Fiesta');
INSERT INTO subcategory VALUES('482','16','Ford','Fiesta Power');
INSERT INTO subcategory VALUES('483','16','Ford','Fiesta Supercharger');
INSERT INTO subcategory VALUES('484','16','Ford','Flex Limited');
INSERT INTO subcategory VALUES('485','16','Ford','Focus');
INSERT INTO subcategory VALUES('486','16','Ford','Focus Cmax');
INSERT INTO subcategory VALUES('487','16','Ford','Fusion');
INSERT INTO subcategory VALUES('488','16','Ford','Galaxy');
INSERT INTO subcategory VALUES('489','16','Ford','Granada');
INSERT INTO subcategory VALUES('490','16','Ford','Grand Cmax');
INSERT INTO subcategory VALUES('491','16','Ford','Ka');
INSERT INTO subcategory VALUES('492','16','Ford','Kuga');
INSERT INTO subcategory VALUES('493','16','Ford','L-8000');
INSERT INTO subcategory VALUES('494','16','Ford','Laser');
INSERT INTO subcategory VALUES('495','16','Ford','Lobo');
INSERT INTO subcategory VALUES('496','16','Ford','Lt 8000');
INSERT INTO subcategory VALUES('497','16','Ford','Maverick');
INSERT INTO subcategory VALUES('498','16','Ford','Mercury');
INSERT INTO subcategory VALUES('499','16','Ford','Mondeo');
INSERT INTO subcategory VALUES('500','16','Ford','Mustang');
INSERT INTO subcategory VALUES('501','16','Ford','Orion');
INSERT INTO subcategory VALUES('502','16','Ford','Pick Up');
INSERT INTO subcategory VALUES('503','16','Ford','Probe');
INSERT INTO subcategory VALUES('504','16','Ford','Puma');
INSERT INTO subcategory VALUES('505','16','Ford','R-90');
INSERT INTO subcategory VALUES('506','16','Ford','Ranger');
INSERT INTO subcategory VALUES('507','16','Ford','Ranger Xl');
INSERT INTO subcategory VALUES('508','16','Ford','Scape');
INSERT INTO subcategory VALUES('509','16','Ford','Scorpio');
INSERT INTO subcategory VALUES('510','16','Ford','Sierra');
INSERT INTO subcategory VALUES('511','16','Ford','Smax');
INSERT INTO subcategory VALUES('512','16','Ford','Sport Trac');
INSERT INTO subcategory VALUES('513','16','Ford','Streetka');
INSERT INTO subcategory VALUES('514','16','Ford','Super Duty');
INSERT INTO subcategory VALUES('515','16','Ford','Torino');
INSERT INTO subcategory VALUES('516','16','Ford','Tourneo Custom');
INSERT INTO subcategory VALUES('517','16','Ford','Tractor');
INSERT INTO subcategory VALUES('518','16','Ford','Transit');
INSERT INTO subcategory VALUES('519','16','Ford','Van 20');
INSERT INTO subcategory VALUES('520','16','Ford','Van 350');
INSERT INTO subcategory VALUES('521','16','Ford','Xlt');
INSERT INTO subcategory VALUES('522','17','Foton','Bj6536B1Dda-S2');
INSERT INTO subcategory VALUES('523','17','Foton','Van Pasajeros');
INSERT INTO subcategory VALUES('524','17','Foton','Za08A2');
INSERT INTO subcategory VALUES('525','18','Gmc','350');
INSERT INTO subcategory VALUES('526','18','Gmc','7000');
INSERT INTO subcategory VALUES('527','18','Gmc','Brigadier');
INSERT INTO subcategory VALUES('528','18','Gmc','C70');
INSERT INTO subcategory VALUES('529','18','Gmc','General');
INSERT INTO subcategory VALUES('530','18','Gmc','Gmc');
INSERT INTO subcategory VALUES('531','18','Gmc','Jimmy');
INSERT INTO subcategory VALUES('532','18','Gmc','Silverado');
INSERT INTO subcategory VALUES('533','18','Gmc','Spartak');
INSERT INTO subcategory VALUES('534','18','Gmc','Top');
INSERT INTO subcategory VALUES('535','19','Great Wall','Haval H5');
INSERT INTO subcategory VALUES('536','19','Great Wall','Wingle');
INSERT INTO subcategory VALUES('537','20','Hafei','Minyi');
INSERT INTO subcategory VALUES('538','21','Honda','125');
INSERT INTO subcategory VALUES('539','21','Honda','200');
INSERT INTO subcategory VALUES('540','21','Honda','250');
INSERT INTO subcategory VALUES('541','21','Honda','Accord');
INSERT INTO subcategory VALUES('542','21','Honda','Aero 100');
INSERT INTO subcategory VALUES('543','21','Honda','C 10');
INSERT INTO subcategory VALUES('544','21','Honda','C100 Wave Colors');
INSERT INTO subcategory VALUES('545','21','Honda','C100 Wave Ii');
INSERT INTO subcategory VALUES('546','21','Honda','Cbf 150');
INSERT INTO subcategory VALUES('547','21','Honda','Civic');
INSERT INTO subcategory VALUES('548','21','Honda','Concerto');
INSERT INTO subcategory VALUES('549','21','Honda','Crv');
INSERT INTO subcategory VALUES('550','21','Honda','Crv 5Dr');
INSERT INTO subcategory VALUES('551','21','Honda','Crv Ex');
INSERT INTO subcategory VALUES('552','21','Honda','Crx');
INSERT INTO subcategory VALUES('553','21','Honda','Crz');
INSERT INTO subcategory VALUES('554','21','Honda','Eco 100');
INSERT INTO subcategory VALUES('555','21','Honda','Elite 125');
INSERT INTO subcategory VALUES('556','21','Honda','Fit');
INSERT INTO subcategory VALUES('557','21','Honda','Frv');
INSERT INTO subcategory VALUES('558','21','Honda','Gyros 50');
INSERT INTO subcategory VALUES('559','21','Honda','Hornet');
INSERT INTO subcategory VALUES('560','21','Honda','Hrv');
INSERT INTO subcategory VALUES('561','21','Honda','Insight');
INSERT INTO subcategory VALUES('562','21','Honda','Jazz');
INSERT INTO subcategory VALUES('563','21','Honda','Legend');
INSERT INTO subcategory VALUES('564','21','Honda','Logo');
INSERT INTO subcategory VALUES('565','21','Honda','Mara');
INSERT INTO subcategory VALUES('566','21','Honda','Nsx');
INSERT INTO subcategory VALUES('567','21','Honda','Odyssey Ex');
INSERT INTO subcategory VALUES('568','21','Honda','Pilot');
INSERT INTO subcategory VALUES('569','21','Honda','Prelude');
INSERT INTO subcategory VALUES('570','21','Honda','S2000');
INSERT INTO subcategory VALUES('571','21','Honda','Splendor');
INSERT INTO subcategory VALUES('572','21','Honda','Stream');
INSERT INTO subcategory VALUES('573','21','Honda','Tempra 2000');
INSERT INTO subcategory VALUES('574','21','Honda','Twinstar');
INSERT INTO subcategory VALUES('575','21','Honda','Xl 125');
INSERT INTO subcategory VALUES('576','21','Honda','Xl 185');
INSERT INTO subcategory VALUES('577','21','Honda','Xl 200');
INSERT INTO subcategory VALUES('578','21','Honda','Xr 250');
INSERT INTO subcategory VALUES('579','21','Honda','Xr 250L');
INSERT INTO subcategory VALUES('580','22','Hummer','H1');
INSERT INTO subcategory VALUES('581','22','Hummer','H2');
INSERT INTO subcategory VALUES('582','22','Hummer','H3');
INSERT INTO subcategory VALUES('583','22','Hummer','H3T');
INSERT INTO subcategory VALUES('584','23','Hyundai','Accent');
INSERT INTO subcategory VALUES('585','23','Hyundai','Accent 4D');
INSERT INTO subcategory VALUES('586','23','Hyundai','Accent 4D Gls');
INSERT INTO subcategory VALUES('587','23','Hyundai','Accent Especial');
INSERT INTO subcategory VALUES('588','23','Hyundai','Accent Gl');
INSERT INTO subcategory VALUES('589','23','Hyundai','Accent Gls');
INSERT INTO subcategory VALUES('590','23','Hyundai','Accent Gls Verna');
INSERT INTO subcategory VALUES('591','23','Hyundai','Accent Gs');
INSERT INTO subcategory VALUES('592','23','Hyundai','Accent Gyro');
INSERT INTO subcategory VALUES('593','23','Hyundai','Accent Gyro Gl');
INSERT INTO subcategory VALUES('594','23','Hyundai','Accent Gyro Gls 518');
INSERT INTO subcategory VALUES('595','23','Hyundai','Accent I25');
INSERT INTO subcategory VALUES('596','23','Hyundai','Accent L');
INSERT INTO subcategory VALUES('597','23','Hyundai','Accent Ls');
INSERT INTO subcategory VALUES('598','23','Hyundai','Accent Next');
INSERT INTO subcategory VALUES('599','23','Hyundai','Accent Verna');
INSERT INTO subcategory VALUES('600','23','Hyundai','Accent Verna Gl');
INSERT INTO subcategory VALUES('601','23','Hyundai','Accent Verna Gls');
INSERT INTO subcategory VALUES('602','23','Hyundai','Accent Verna L');
INSERT INTO subcategory VALUES('603','23','Hyundai','Accent Vision');
INSERT INTO subcategory VALUES('604','23','Hyundai','Accent Web');
INSERT INTO subcategory VALUES('605','23','Hyundai','Accent Web Sport');
INSERT INTO subcategory VALUES('606','23','Hyundai','Atos');
INSERT INTO subcategory VALUES('607','23','Hyundai','Atos Gl');
INSERT INTO subcategory VALUES('608','23','Hyundai','Atos Prime');
INSERT INTO subcategory VALUES('609','23','Hyundai','Atos Prime Gl');
INSERT INTO subcategory VALUES('610','23','Hyundai','Atos Prime Gls');
INSERT INTO subcategory VALUES('611','23','Hyundai','Atos S');
INSERT INTO subcategory VALUES('612','23','Hyundai','Atos Santro Gl');
INSERT INTO subcategory VALUES('613','23','Hyundai','Avante Elantra Gl');
INSERT INTO subcategory VALUES('614','23','Hyundai','Avante Gl');
INSERT INTO subcategory VALUES('615','23','Hyundai','Avante Gls');
INSERT INTO subcategory VALUES('616','23','Hyundai','County');
INSERT INTO subcategory VALUES('617','23','Hyundai','Coupe');
INSERT INTO subcategory VALUES('618','23','Hyundai','Coupe Fx');
INSERT INTO subcategory VALUES('619','23','Hyundai','Elantra');
INSERT INTO subcategory VALUES('620','23','Hyundai','Elantra Avante');
INSERT INTO subcategory VALUES('621','23','Hyundai','Elantra Avante Gl');
INSERT INTO subcategory VALUES('622','23','Hyundai','Elantra Avante Gls');
INSERT INTO subcategory VALUES('623','23','Hyundai','Elantra Gl');
INSERT INTO subcategory VALUES('624','23','Hyundai','Elantra Gls');
INSERT INTO subcategory VALUES('625','23','Hyundai','Elantra Supreme Gls');
INSERT INTO subcategory VALUES('626','23','Hyundai','Elantra Wagon');
INSERT INTO subcategory VALUES('627','23','Hyundai','Equus Gl');
INSERT INTO subcategory VALUES('628','23','Hyundai','Excel');
INSERT INTO subcategory VALUES('629','23','Hyundai','Excel Gls');
INSERT INTO subcategory VALUES('630','23','Hyundai','Excel Gs');
INSERT INTO subcategory VALUES('631','23','Hyundai','Excel L');
INSERT INTO subcategory VALUES('632','23','Hyundai','Excel Ls');
INSERT INTO subcategory VALUES('633','23','Hyundai','Fx');
INSERT INTO subcategory VALUES('634','23','Hyundai','Genesis');
INSERT INTO subcategory VALUES('635','23','Hyundai','Genesis Gl');
INSERT INTO subcategory VALUES('636','23','Hyundai','Get Z Gl');
INSERT INTO subcategory VALUES('637','23','Hyundai','Getz');
INSERT INTO subcategory VALUES('638','23','Hyundai','Getz Gl');
INSERT INTO subcategory VALUES('639','23','Hyundai','Getz Gls');
INSERT INTO subcategory VALUES('640','23','Hyundai','Gls Fx');
INSERT INTO subcategory VALUES('641','23','Hyundai','Grace');
INSERT INTO subcategory VALUES('642','23','Hyundai','Grace Dlx');
INSERT INTO subcategory VALUES('643','23','Hyundai','Grace Gran Salon');
INSERT INTO subcategory VALUES('644','23','Hyundai','Grace H 100');
INSERT INTO subcategory VALUES('645','23','Hyundai','Grace Van');
INSERT INTO subcategory VALUES('646','23','Hyundai','Gran Saloon');
INSERT INTO subcategory VALUES('647','23','Hyundai','Grandeur');
INSERT INTO subcategory VALUES('648','23','Hyundai','H-1 Starex');
INSERT INTO subcategory VALUES('649','23','Hyundai','H1');
INSERT INTO subcategory VALUES('650','23','Hyundai','H1 Aa Esp');
INSERT INTO subcategory VALUES('651','23','Hyundai','H100');
INSERT INTO subcategory VALUES('652','23','Hyundai','H100 Au Truck 125 Gl Largo');
INSERT INTO subcategory VALUES('653','23','Hyundai','H100 Grace Gl');
INSERT INTO subcategory VALUES('654','23','Hyundai','H100 Porter');
INSERT INTO subcategory VALUES('655','23','Hyundai','H100 Truck');
INSERT INTO subcategory VALUES('656','23','Hyundai','H1512D-A');
INSERT INTO subcategory VALUES('657','23','Hyundai','Hd 120');
INSERT INTO subcategory VALUES('658','23','Hyundai','Hd 270');
INSERT INTO subcategory VALUES('659','23','Hyundai','Hd 270 Mixer Truck');
INSERT INTO subcategory VALUES('660','23','Hyundai','Hd 65');
INSERT INTO subcategory VALUES('661','23','Hyundai','Hd 65 Truck Std');
INSERT INTO subcategory VALUES('662','23','Hyundai','Hd 72');
INSERT INTO subcategory VALUES('663','23','Hyundai','Hd 78');
INSERT INTO subcategory VALUES('664','23','Hyundai','Hdf15-5');
INSERT INTO subcategory VALUES('665','23','Hyundai','Hdf18-5');
INSERT INTO subcategory VALUES('666','23','Hyundai','Hdf70-7S');
INSERT INTO subcategory VALUES('667','23','Hyundai','Hl730-7');
INSERT INTO subcategory VALUES('668','23','Hyundai','Hlf20C-5');
INSERT INTO subcategory VALUES('669','23','Hyundai','I 10');
INSERT INTO subcategory VALUES('670','23','Hyundai','I 10 Gl');
INSERT INTO subcategory VALUES('671','23','Hyundai','I 30');
INSERT INTO subcategory VALUES('672','23','Hyundai','I 30 Gls');
INSERT INTO subcategory VALUES('673','23','Hyundai','I10');
INSERT INTO subcategory VALUES('674','23','Hyundai','I10 Gl 1.1');
INSERT INTO subcategory VALUES('675','23','Hyundai','I20');
INSERT INTO subcategory VALUES('676','23','Hyundai','I30');
INSERT INTO subcategory VALUES('677','23','Hyundai','I40');
INSERT INTO subcategory VALUES('678','23','Hyundai','I800');
INSERT INTO subcategory VALUES('679','23','Hyundai','Ix20');
INSERT INTO subcategory VALUES('680','23','Hyundai','Ix35');
INSERT INTO subcategory VALUES('681','23','Hyundai','Ix55');
INSERT INTO subcategory VALUES('682','23','Hyundai','L');
INSERT INTO subcategory VALUES('683','23','Hyundai','Lantra');
INSERT INTO subcategory VALUES('684','23','Hyundai','Matrix');
INSERT INTO subcategory VALUES('685','23','Hyundai','New Elantra');
INSERT INTO subcategory VALUES('686','23','Hyundai','New Elantra Gls');
INSERT INTO subcategory VALUES('687','23','Hyundai','Nueva Santafe');
INSERT INTO subcategory VALUES('688','23','Hyundai','Pony');
INSERT INTO subcategory VALUES('689','23','Hyundai','Porter');
INSERT INTO subcategory VALUES('690','23','Hyundai','Porter H100 Truck');
INSERT INTO subcategory VALUES('691','23','Hyundai','R210Nlc-7');
INSERT INTO subcategory VALUES('692','23','Hyundai','Santa Fe');
INSERT INTO subcategory VALUES('693','23','Hyundai','Santafe Gl');
INSERT INTO subcategory VALUES('694','23','Hyundai','Santafe Gls');
INSERT INTO subcategory VALUES('695','23','Hyundai','Santafe Mlx');
INSERT INTO subcategory VALUES('696','23','Hyundai','Santamo');
INSERT INTO subcategory VALUES('697','23','Hyundai','Santro');
INSERT INTO subcategory VALUES('698','23','Hyundai','Santro Gl');
INSERT INTO subcategory VALUES('699','23','Hyundai','Scoupe');
INSERT INTO subcategory VALUES('700','23','Hyundai','Scoupe Ls');
INSERT INTO subcategory VALUES('701','23','Hyundai','Scoupe Turbo');
INSERT INTO subcategory VALUES('702','23','Hyundai','Sedan');
INSERT INTO subcategory VALUES('703','23','Hyundai','Sonata');
INSERT INTO subcategory VALUES('704','23','Hyundai','Sonata Fl');
INSERT INTO subcategory VALUES('705','23','Hyundai','Sonata Gl');
INSERT INTO subcategory VALUES('706','23','Hyundai','Sonata Gls');
INSERT INTO subcategory VALUES('707','23','Hyundai','Sport');
INSERT INTO subcategory VALUES('708','23','Hyundai','Starex');
INSERT INTO subcategory VALUES('709','23','Hyundai','Starex H1');
INSERT INTO subcategory VALUES('710','23','Hyundai','Starex Panel');
INSERT INTO subcategory VALUES('711','23','Hyundai','Starex Van');
INSERT INTO subcategory VALUES('712','23','Hyundai','Super Pony');
INSERT INTO subcategory VALUES('713','23','Hyundai','Terracan');
INSERT INTO subcategory VALUES('714','23','Hyundai','Terracan Diesel');
INSERT INTO subcategory VALUES('715','23','Hyundai','Terracan Gl');
INSERT INTO subcategory VALUES('716','23','Hyundai','Tiburon');
INSERT INTO subcategory VALUES('717','23','Hyundai','Tiburon Fx');
INSERT INTO subcategory VALUES('718','23','Hyundai','Trajet');
INSERT INTO subcategory VALUES('719','23','Hyundai','Tu518G-4');
INSERT INTO subcategory VALUES('720','23','Hyundai','Tucson');
INSERT INTO subcategory VALUES('721','23','Hyundai','Tucson Gl');
INSERT INTO subcategory VALUES('722','23','Hyundai','Tucson Gl Crdi');
INSERT INTO subcategory VALUES('723','23','Hyundai','Tucson Gls');
INSERT INTO subcategory VALUES('724','23','Hyundai','Tucson Gls Crdi');
INSERT INTO subcategory VALUES('725','23','Hyundai','Tucson Ix35 Gl');
INSERT INTO subcategory VALUES('726','23','Hyundai','Tucson Ix35 Gls');
INSERT INTO subcategory VALUES('727','23','Hyundai','Veloster');
INSERT INTO subcategory VALUES('728','23','Hyundai','Veracruz 3.8 Doch');
INSERT INTO subcategory VALUES('729','23','Hyundai','Veracruz Gl');
INSERT INTO subcategory VALUES('730','23','Hyundai','Veracruz Gls');
INSERT INTO subcategory VALUES('731','23','Hyundai','Verna');
INSERT INTO subcategory VALUES('732','23','Hyundai','Verna Gl');
INSERT INTO subcategory VALUES('733','23','Hyundai','Xg');
INSERT INTO subcategory VALUES('734','25','Isuzu','D Max');
INSERT INTO subcategory VALUES('735','25','Isuzu','Dmax');
INSERT INTO subcategory VALUES('736','25','Isuzu','Frr');
INSERT INTO subcategory VALUES('737','25','Isuzu','Luv');
INSERT INTO subcategory VALUES('738','25','Isuzu','Npr');
INSERT INTO subcategory VALUES('739','25','Isuzu','Pick Up');
INSERT INTO subcategory VALUES('740','25','Isuzu','Rodeo');
INSERT INTO subcategory VALUES('741','25','Isuzu','Rodeo Ls');
INSERT INTO subcategory VALUES('742','25','Isuzu','Trooper');
INSERT INTO subcategory VALUES('743','25','Isuzu','Trroper');
INSERT INTO subcategory VALUES('744','26','Iveco','4010');
INSERT INTO subcategory VALUES('745','26','Iveco','Daily');
INSERT INTO subcategory VALUES('746','26','Iveco','Daily 3510');
INSERT INTO subcategory VALUES('747','26','Iveco','Massif');
INSERT INTO subcategory VALUES('748','27','Iveco-Pegaso','Daily');
INSERT INTO subcategory VALUES('749','27','Iveco-Pegaso','Duty');
INSERT INTO subcategory VALUES('750','30','Jbc','Jbc 1030');
INSERT INTO subcategory VALUES('751','31','Jcb','Retroescavadora');
INSERT INTO subcategory VALUES('752','32','Jeep','Cherokee');
INSERT INTO subcategory VALUES('753','32','Jeep','Cherokee Classic');
INSERT INTO subcategory VALUES('754','32','Jeep','Cherokee Laredo');
INSERT INTO subcategory VALUES('755','32','Jeep','Cherokee Limited');
INSERT INTO subcategory VALUES('756','32','Jeep','Cherokee Sport');
INSERT INTO subcategory VALUES('757','32','Jeep','Commander');
INSERT INTO subcategory VALUES('758','32','Jeep','Compass');
INSERT INTO subcategory VALUES('759','32','Jeep','Grand Cherokee');
INSERT INTO subcategory VALUES('760','32','Jeep','Patriot');
INSERT INTO subcategory VALUES('761','32','Jeep','Station Wagon');
INSERT INTO subcategory VALUES('762','32','Jeep','Willys');
INSERT INTO subcategory VALUES('763','32','Jeep','Willys Cherokee');
INSERT INTO subcategory VALUES('764','32','Jeep','Wrangler');
INSERT INTO subcategory VALUES('765','32','Jeep','Wrangler Sport');
INSERT INTO subcategory VALUES('766','32','Jeep','Wrangler Unlimited');
INSERT INTO subcategory VALUES('767','33','Kia','2700');
INSERT INTO subcategory VALUES('768','33','Kia','Carens');
INSERT INTO subcategory VALUES('769','33','Kia','Carens Lx');
INSERT INTO subcategory VALUES('770','33','Kia','Carnival');
INSERT INTO subcategory VALUES('771','33','Kia','Carnival Cnv');
INSERT INTO subcategory VALUES('772','33','Kia','Carnival Sedona');
INSERT INTO subcategory VALUES('773','33','Kia','Ceed');
INSERT INTO subcategory VALUES('774','33','Kia','Ceed Sportswagon');
INSERT INTO subcategory VALUES('775','33','Kia','Ceed Sporty Wagon');
INSERT INTO subcategory VALUES('776','33','Kia','Cerato');
INSERT INTO subcategory VALUES('777','33','Kia','Cerato Forte');
INSERT INTO subcategory VALUES('778','33','Kia','Cerato Forte Lx');
INSERT INTO subcategory VALUES('779','33','Kia','Cerato Lx');
INSERT INTO subcategory VALUES('780','33','Kia','Clarus');
INSERT INTO subcategory VALUES('781','33','Kia','Eko Taxi');
INSERT INTO subcategory VALUES('782','33','Kia','Joice');
INSERT INTO subcategory VALUES('783','33','Kia','K 2700');
INSERT INTO subcategory VALUES('784','33','Kia','K 2700 Dc');
INSERT INTO subcategory VALUES('785','33','Kia','K 3000 S');
INSERT INTO subcategory VALUES('786','33','Kia','K2500');
INSERT INTO subcategory VALUES('787','33','Kia','K2500 Frontier');
INSERT INTO subcategory VALUES('788','33','Kia','K2700');
INSERT INTO subcategory VALUES('789','33','Kia','Magentis');
INSERT INTO subcategory VALUES('790','33','Kia','Magentis Lx');
INSERT INTO subcategory VALUES('791','33','Kia','Mohave Ex');
INSERT INTO subcategory VALUES('792','33','Kia','New Carens Ex');
INSERT INTO subcategory VALUES('793','33','Kia','New Carens Ex Un04');
INSERT INTO subcategory VALUES('794','33','Kia','New Sportage');
INSERT INTO subcategory VALUES('795','33','Kia','New Sportage Lx');
INSERT INTO subcategory VALUES('796','33','Kia','Opirus');
INSERT INTO subcategory VALUES('797','33','Kia','Optima');
INSERT INTO subcategory VALUES('798','33','Kia','Picanto');
INSERT INTO subcategory VALUES('799','33','Kia','Picanto Ekotaxi');
INSERT INTO subcategory VALUES('800','33','Kia','Picanto Ex');
INSERT INTO subcategory VALUES('801','33','Kia','Picanto Lx');
INSERT INTO subcategory VALUES('802','33','Kia','Picanto Mt');
INSERT INTO subcategory VALUES('803','33','Kia','Pregio');
INSERT INTO subcategory VALUES('804','33','Kia','Pregio Grand Gs');
INSERT INTO subcategory VALUES('805','33','Kia','Pride');
INSERT INTO subcategory VALUES('806','33','Kia','Pride L');
INSERT INTO subcategory VALUES('807','33','Kia','Proceed');
INSERT INTO subcategory VALUES('808','33','Kia','Rio');
INSERT INTO subcategory VALUES('809','33','Kia','Rio 5-5 Ls');
INSERT INTO subcategory VALUES('810','33','Kia','Rio Ex');
INSERT INTO subcategory VALUES('811','33','Kia','Rio L');
INSERT INTO subcategory VALUES('812','33','Kia','Rio Sephia');
INSERT INTO subcategory VALUES('813','33','Kia','Rio Sephia Ex');
INSERT INTO subcategory VALUES('814','33','Kia','Rio Stylus');
INSERT INTO subcategory VALUES('815','33','Kia','Rio Ub Ex');
INSERT INTO subcategory VALUES('816','33','Kia','Rio Xcite');
INSERT INTO subcategory VALUES('817','33','Kia','Sedona');
INSERT INTO subcategory VALUES('818','33','Kia','Sephia');
INSERT INTO subcategory VALUES('819','33','Kia','Sephia Gs');
INSERT INTO subcategory VALUES('820','33','Kia','Sephia Ii');
INSERT INTO subcategory VALUES('821','33','Kia','Shuma');
INSERT INTO subcategory VALUES('822','33','Kia','Sorento');
INSERT INTO subcategory VALUES('823','33','Kia','Sorento Ex');
INSERT INTO subcategory VALUES('824','33','Kia','Sorento Lx');
INSERT INTO subcategory VALUES('825','33','Kia','Soul');
INSERT INTO subcategory VALUES('826','33','Kia','Spectra');
INSERT INTO subcategory VALUES('827','33','Kia','Sportage');
INSERT INTO subcategory VALUES('828','33','Kia','Sportage Dlx');
INSERT INTO subcategory VALUES('829','33','Kia','Sportage R Limited At');
INSERT INTO subcategory VALUES('830','33','Kia','Venga');
INSERT INTO subcategory VALUES('831','34','Komatsu','Retro Excavadora');
INSERT INTO subcategory VALUES('832','36','Lancia','A112');
INSERT INTO subcategory VALUES('833','36','Lancia','Dedra');
INSERT INTO subcategory VALUES('834','36','Lancia','Delta');
INSERT INTO subcategory VALUES('835','36','Lancia','K');
INSERT INTO subcategory VALUES('836','36','Lancia','Kappa');
INSERT INTO subcategory VALUES('837','36','Lancia','Lybra');
INSERT INTO subcategory VALUES('838','36','Lancia','Musa');
INSERT INTO subcategory VALUES('839','36','Lancia','Phedra');
INSERT INTO subcategory VALUES('840','36','Lancia','Prisma');
INSERT INTO subcategory VALUES('841','36','Lancia','Thema');
INSERT INTO subcategory VALUES('842','36','Lancia','Thesis');
INSERT INTO subcategory VALUES('843','36','Lancia','Trevi');
INSERT INTO subcategory VALUES('844','36','Lancia','Voyager');
INSERT INTO subcategory VALUES('845','36','Lancia','Y');
INSERT INTO subcategory VALUES('846','36','Lancia','Y10');
INSERT INTO subcategory VALUES('847','36','Lancia','Ypsilon');
INSERT INTO subcategory VALUES('848','36','Lancia','Ypsilon Elefantino');
INSERT INTO subcategory VALUES('849','36','Lancia','Z');
INSERT INTO subcategory VALUES('850','36','Lancia','Zeta');
INSERT INTO subcategory VALUES('851','37','Land Rover','Defender');
INSERT INTO subcategory VALUES('852','37','Land Rover','Jeep');
INSERT INTO subcategory VALUES('853','37','Land Rover','Range Rover Country');
INSERT INTO subcategory VALUES('854','37','Land Rover','Santana');
INSERT INTO subcategory VALUES('855','39','Mahindra','Bolero Pickup');
INSERT INTO subcategory VALUES('856','39','Mahindra','Cj');
INSERT INTO subcategory VALUES('857','39','Mahindra','Goa');
INSERT INTO subcategory VALUES('858','39','Mahindra','Goa Pickup');
INSERT INTO subcategory VALUES('859','39','Mahindra','Pikup');
INSERT INTO subcategory VALUES('860','39','Mahindra','Thar');
INSERT INTO subcategory VALUES('861','40','Mazda','121');
INSERT INTO subcategory VALUES('862','40','Mazda','1Aan6M');
INSERT INTO subcategory VALUES('863','40','Mazda','1Alh3M');
INSERT INTO subcategory VALUES('864','40','Mazda','1Alh6M');
INSERT INTO subcategory VALUES('865','40','Mazda','2');
INSERT INTO subcategory VALUES('866','40','Mazda','3');
INSERT INTO subcategory VALUES('867','40','Mazda','323');
INSERT INTO subcategory VALUES('868','40','Mazda','323 Astina');
INSERT INTO subcategory VALUES('869','40','Mazda','323 Hbi');
INSERT INTO subcategory VALUES('870','40','Mazda','323 He');
INSERT INTO subcategory VALUES('871','40','Mazda','323 Hs');
INSERT INTO subcategory VALUES('872','40','Mazda','323 N 6M');
INSERT INTO subcategory VALUES('873','40','Mazda','323 N8A');
INSERT INTO subcategory VALUES('874','40','Mazda','323 Nb');
INSERT INTO subcategory VALUES('875','40','Mazda','323 Nei');
INSERT INTO subcategory VALUES('876','40','Mazda','323 Nei Valet');
INSERT INTO subcategory VALUES('877','40','Mazda','323 Ns');
INSERT INTO subcategory VALUES('878','40','Mazda','323 Nt');
INSERT INTO subcategory VALUES('879','40','Mazda','323 Nts');
INSERT INTO subcategory VALUES('880','40','Mazda','323 Nx');
INSERT INTO subcategory VALUES('881','40','Mazda','323 Sp');
INSERT INTO subcategory VALUES('882','40','Mazda','3Lfha5');
INSERT INTO subcategory VALUES('883','40','Mazda','3Z6Nm5');
INSERT INTO subcategory VALUES('884','40','Mazda','3Z6Nm7');
INSERT INTO subcategory VALUES('885','40','Mazda','5');
INSERT INTO subcategory VALUES('886','40','Mazda','6');
INSERT INTO subcategory VALUES('887','40','Mazda','626');
INSERT INTO subcategory VALUES('888','40','Mazda','626 Glx');
INSERT INTO subcategory VALUES('889','40','Mazda','626 Glx Asahi');
INSERT INTO subcategory VALUES('890','40','Mazda','626 Hb Matsuri');
INSERT INTO subcategory VALUES('891','40','Mazda','626 L');
INSERT INTO subcategory VALUES('892','40','Mazda','626 Lx');
INSERT INTO subcategory VALUES('893','40','Mazda','626 Lx Asahi');
INSERT INTO subcategory VALUES('894','40','Mazda','626 Milenium');
INSERT INTO subcategory VALUES('895','40','Mazda','626 Nmo');
INSERT INTO subcategory VALUES('896','40','Mazda','626Nao');
INSERT INTO subcategory VALUES('897','40','Mazda','626Nm8');
INSERT INTO subcategory VALUES('898','40','Mazda','6L3Na4');
INSERT INTO subcategory VALUES('899','40','Mazda','929');
INSERT INTO subcategory VALUES('900','40','Mazda','Allegro');
INSERT INTO subcategory VALUES('901','40','Mazda','Astina');
INSERT INTO subcategory VALUES('902','40','Mazda','B 2000');
INSERT INTO subcategory VALUES('903','40','Mazda','B 2200');
INSERT INTO subcategory VALUES('904','40','Mazda','B 2600');
INSERT INTO subcategory VALUES('905','40','Mazda','B220Di');
INSERT INTO subcategory VALUES('906','40','Mazda','B220Pe');
INSERT INTO subcategory VALUES('907','40','Mazda','B220Pi');
INSERT INTO subcategory VALUES('908','40','Mazda','B22Dc3');
INSERT INTO subcategory VALUES('909','40','Mazda','B2500');
INSERT INTO subcategory VALUES('910','40','Mazda','B26027');
INSERT INTO subcategory VALUES('911','40','Mazda','B26Cs9');
INSERT INTO subcategory VALUES('912','40','Mazda','B26D47');
INSERT INTO subcategory VALUES('913','40','Mazda','B26Dc3');
INSERT INTO subcategory VALUES('914','40','Mazda','B26Dc9');
INSERT INTO subcategory VALUES('915','40','Mazda','Bt 50');
INSERT INTO subcategory VALUES('916','40','Mazda','Bt50');
INSERT INTO subcategory VALUES('917','40','Mazda','Cx-9');
INSERT INTO subcategory VALUES('918','40','Mazda','Cx5');
INSERT INTO subcategory VALUES('919','40','Mazda','Cx7');
INSERT INTO subcategory VALUES('920','40','Mazda','Demio');
INSERT INTO subcategory VALUES('921','40','Mazda','Enermax G6500');
INSERT INTO subcategory VALUES('922','40','Mazda','M3X5');
INSERT INTO subcategory VALUES('923','40','Mazda','Mazda B2200');
INSERT INTO subcategory VALUES('924','40','Mazda','Mazda2');
INSERT INTO subcategory VALUES('925','40','Mazda','Mazda3');
INSERT INTO subcategory VALUES('926','40','Mazda','Mazda5');
INSERT INTO subcategory VALUES('927','40','Mazda','Mazda6');
INSERT INTO subcategory VALUES('928','40','Mazda','Mpv');
INSERT INTO subcategory VALUES('929','40','Mazda','Mx3');
INSERT INTO subcategory VALUES('930','40','Mazda','Mx5');
INSERT INTO subcategory VALUES('931','40','Mazda','Mx6');
INSERT INTO subcategory VALUES('932','40','Mazda','Premacy');
INSERT INTO subcategory VALUES('933','40','Mazda','Rx7');
INSERT INTO subcategory VALUES('934','40','Mazda','Rx8');
INSERT INTO subcategory VALUES('935','40','Mazda','Serie B');
INSERT INTO subcategory VALUES('936','40','Mazda','T');
INSERT INTO subcategory VALUES('937','40','Mazda','T 45');
INSERT INTO subcategory VALUES('938','40','Mazda','Tribute');
INSERT INTO subcategory VALUES('939','40','Mazda','Xedos 6');
INSERT INTO subcategory VALUES('940','40','Mazda','Xedos 9');
INSERT INTO subcategory VALUES('941','41','Mercedes Benz','160');
INSERT INTO subcategory VALUES('942','41','Mercedes Benz','190 E');
INSERT INTO subcategory VALUES('943','41','Mercedes Benz','230');
INSERT INTO subcategory VALUES('944','41','Mercedes Benz','2800');
INSERT INTO subcategory VALUES('945','41','Mercedes Benz','300');
INSERT INTO subcategory VALUES('946','41','Mercedes Benz','300 E');
INSERT INTO subcategory VALUES('947','41','Mercedes Benz','320 C');
INSERT INTO subcategory VALUES('948','41','Mercedes Benz','320 I');
INSERT INTO subcategory VALUES('949','41','Mercedes Benz','323');
INSERT INTO subcategory VALUES('950','41','Mercedes Benz','350 E');
INSERT INTO subcategory VALUES('951','41','Mercedes Benz','500 E');
INSERT INTO subcategory VALUES('952','41','Mercedes Benz','560 Sel');
INSERT INTO subcategory VALUES('953','41','Mercedes Benz','9000');
INSERT INTO subcategory VALUES('954','41','Mercedes Benz','914C');
INSERT INTO subcategory VALUES('955','41','Mercedes Benz','B 180');
INSERT INTO subcategory VALUES('956','41','Mercedes Benz','B263S');
INSERT INTO subcategory VALUES('957','41','Mercedes Benz','C 180 Kompressor');
INSERT INTO subcategory VALUES('958','41','Mercedes Benz','C 180 T');
INSERT INTO subcategory VALUES('959','41','Mercedes Benz','C 200 Cgi');
INSERT INTO subcategory VALUES('960','41','Mercedes Benz','Compressor');
INSERT INTO subcategory VALUES('961','41','Mercedes Benz','E 200');
INSERT INTO subcategory VALUES('962','41','Mercedes Benz','E 350');
INSERT INTO subcategory VALUES('963','41','Mercedes Benz','F-350');
INSERT INTO subcategory VALUES('964','41','Mercedes Benz','Glk 280');
INSERT INTO subcategory VALUES('965','41','Mercedes Benz','Mb');
INSERT INTO subcategory VALUES('966','41','Mercedes Benz','O 500 M');
INSERT INTO subcategory VALUES('967','41','Mercedes Benz','Sprinter');
INSERT INTO subcategory VALUES('968','41','Mercedes Benz','Universal');
INSERT INTO subcategory VALUES('969','43','Mg','A');
INSERT INTO subcategory VALUES('970','43','Mg','Countryman');
INSERT INTO subcategory VALUES('971','43','Mg','Mgf');
INSERT INTO subcategory VALUES('972','43','Mg','Mini');
INSERT INTO subcategory VALUES('973','43','Mg','Paceman');
INSERT INTO subcategory VALUES('974','43','Mg','Tf');
INSERT INTO subcategory VALUES('975','43','Mg','Zr');
INSERT INTO subcategory VALUES('976','43','Mg','Zs');
INSERT INTO subcategory VALUES('977','43','Mg','Zt');
INSERT INTO subcategory VALUES('978','43','Mg','Ztt');
INSERT INTO subcategory VALUES('979','44','Mini','Countryman');
INSERT INTO subcategory VALUES('980','44','Mini','Mini');
INSERT INTO subcategory VALUES('981','44','Mini','Morris');
INSERT INTO subcategory VALUES('982','44','Mini','Paceman');
INSERT INTO subcategory VALUES('983','45','Mitsubishi','300 Gt');
INSERT INTO subcategory VALUES('984','45','Mitsubishi','3000 Gt');
INSERT INTO subcategory VALUES('985','45','Mitsubishi','Asx');
INSERT INTO subcategory VALUES('986','45','Mitsubishi','Camay De Luxe');
INSERT INTO subcategory VALUES('987','45','Mitsubishi','Canter');
INSERT INTO subcategory VALUES('988','45','Mitsubishi','Carisma');
INSERT INTO subcategory VALUES('989','45','Mitsubishi','Colt');
INSERT INTO subcategory VALUES('990','45','Mitsubishi','Eclipse');
INSERT INTO subcategory VALUES('991','45','Mitsubishi','Galant');
INSERT INTO subcategory VALUES('992','45','Mitsubishi','Grandis');
INSERT INTO subcategory VALUES('993','45','Mitsubishi','Imiev');
INSERT INTO subcategory VALUES('994','45','Mitsubishi','L 1300');
INSERT INTO subcategory VALUES('995','45','Mitsubishi','L 200');
INSERT INTO subcategory VALUES('996','45','Mitsubishi','L 200 2.5L');
INSERT INTO subcategory VALUES('997','45','Mitsubishi','L 200 3.2L');
INSERT INTO subcategory VALUES('998','45','Mitsubishi','L 300');
INSERT INTO subcategory VALUES('999','45','Mitsubishi','L 300 2.0L');
INSERT INTO subcategory VALUES('1000','45','Mitsubishi','L 300 2.5L');
INSERT INTO subcategory VALUES('1001','45','Mitsubishi','L200');
INSERT INTO subcategory VALUES('1002','45','Mitsubishi','Lancer');
INSERT INTO subcategory VALUES('1003','45','Mitsubishi','Lancer Glx');
INSERT INTO subcategory VALUES('1004','45','Mitsubishi','Montero');
INSERT INTO subcategory VALUES('1005','45','Mitsubishi','Montero 3.2L');
INSERT INTO subcategory VALUES('1006','45','Mitsubishi','Montero Gl');
INSERT INTO subcategory VALUES('1007','45','Mitsubishi','Montero Gls');
INSERT INTO subcategory VALUES('1008','45','Mitsubishi','Montero Hardtop');
INSERT INTO subcategory VALUES('1009','45','Mitsubishi','Montero Io');
INSERT INTO subcategory VALUES('1010','45','Mitsubishi','Montero L');
INSERT INTO subcategory VALUES('1011','45','Mitsubishi','Montero Sport');
INSERT INTO subcategory VALUES('1012','45','Mitsubishi','Montero St Wagon');
INSERT INTO subcategory VALUES('1013','45','Mitsubishi','Montero V 11 Nva');
INSERT INTO subcategory VALUES('1014','45','Mitsubishi','Montero V 11 Vna');
INSERT INTO subcategory VALUES('1015','45','Mitsubishi','Montero V 13 Vna');
INSERT INTO subcategory VALUES('1016','45','Mitsubishi','Montero V 43 Wagon');
INSERT INTO subcategory VALUES('1017','45','Mitsubishi','Montero V 6');
INSERT INTO subcategory VALUES('1018','45','Mitsubishi','Montero V 6 Wagon');
INSERT INTO subcategory VALUES('1019','45','Mitsubishi','Montero Wagon');
INSERT INTO subcategory VALUES('1020','45','Mitsubishi','Montero Wagon V 32');
INSERT INTO subcategory VALUES('1021','45','Mitsubishi','Nativa');
INSERT INTO subcategory VALUES('1022','45','Mitsubishi','New Lancer');
INSERT INTO subcategory VALUES('1023','45','Mitsubishi','Outlander');
INSERT INTO subcategory VALUES('1024','45','Mitsubishi','Santamo');
INSERT INTO subcategory VALUES('1025','45','Mitsubishi','Space');
INSERT INTO subcategory VALUES('1026','45','Mitsubishi','Space Gear');
INSERT INTO subcategory VALUES('1027','45','Mitsubishi','Space Runner');
INSERT INTO subcategory VALUES('1028','45','Mitsubishi','Space Star');
INSERT INTO subcategory VALUES('1029','45','Mitsubishi','Space Wagon');
INSERT INTO subcategory VALUES('1030','45','Mitsubishi','Sportero');
INSERT INTO subcategory VALUES('1031','45','Mitsubishi','V11Vna');
INSERT INTO subcategory VALUES('1032','45','Mitsubishi','V13Vna');
INSERT INTO subcategory VALUES('1033','45','Mitsubishi','V43Wa');
INSERT INTO subcategory VALUES('1034','45','Mitsubishi','V43Waa');
INSERT INTO subcategory VALUES('1035','45','Mitsubishi','V6 Std Mec Venez');
INSERT INTO subcategory VALUES('1036','46','Mitsubishi Fuso','Canter');
INSERT INTO subcategory VALUES('1037','47','Nissan','100 Nx');
INSERT INTO subcategory VALUES('1038','47','Nissan','200 Sx');
INSERT INTO subcategory VALUES('1039','47','Nissan','300 Zx');
INSERT INTO subcategory VALUES('1040','47','Nissan','350Z');
INSERT INTO subcategory VALUES('1041','47','Nissan','370Z');
INSERT INTO subcategory VALUES('1042','47','Nissan','Ad Wagon');
INSERT INTO subcategory VALUES('1043','47','Nissan','Almera');
INSERT INTO subcategory VALUES('1044','47','Nissan','Almera Sg');
INSERT INTO subcategory VALUES('1045','47','Nissan','Almera Slx');
INSERT INTO subcategory VALUES('1046','47','Nissan','Almera Tino');
INSERT INTO subcategory VALUES('1047','47','Nissan','B 14');
INSERT INTO subcategory VALUES('1048','47','Nissan','Blue Bird');
INSERT INTO subcategory VALUES('1049','47','Nissan','Bluebird');
INSERT INTO subcategory VALUES('1050','47','Nissan','Cabstar');
INSERT INTO subcategory VALUES('1051','47','Nissan','Cabstar E');
INSERT INTO subcategory VALUES('1052','47','Nissan','Cabstar Tl 1.35');
INSERT INTO subcategory VALUES('1053','47','Nissan','Camion');
INSERT INTO subcategory VALUES('1054','47','Nissan','Charmant');
INSERT INTO subcategory VALUES('1055','47','Nissan','Cube');
INSERT INTO subcategory VALUES('1056','47','Nissan','D21');
INSERT INTO subcategory VALUES('1057','47','Nissan','D22');
INSERT INTO subcategory VALUES('1058','47','Nissan','D22 Frontier Ax');
INSERT INTO subcategory VALUES('1059','47','Nissan','D22/Np300');
INSERT INTO subcategory VALUES('1060','47','Nissan','Evalia');
INSERT INTO subcategory VALUES('1061','47','Nissan','Frontier');
INSERT INTO subcategory VALUES('1062','47','Nissan','Frontier D22');
INSERT INTO subcategory VALUES('1063','47','Nissan','Frontier Np300');
INSERT INTO subcategory VALUES('1064','47','Nissan','Gtr');
INSERT INTO subcategory VALUES('1065','47','Nissan','Juke');
INSERT INTO subcategory VALUES('1066','47','Nissan','King Cab');
INSERT INTO subcategory VALUES('1067','47','Nissan','Leaf');
INSERT INTO subcategory VALUES('1068','47','Nissan','Lg 60');
INSERT INTO subcategory VALUES('1069','47','Nissan','Maxima');
INSERT INTO subcategory VALUES('1070','47','Nissan','Maxima Qx');
INSERT INTO subcategory VALUES('1071','47','Nissan','Micra');
INSERT INTO subcategory VALUES('1072','47','Nissan','Montacarga');
INSERT INTO subcategory VALUES('1073','47','Nissan','Murano');
INSERT INTO subcategory VALUES('1074','47','Nissan','Navara');
INSERT INTO subcategory VALUES('1075','47','Nissan','Note');
INSERT INTO subcategory VALUES('1076','47','Nissan','Np300');
INSERT INTO subcategory VALUES('1077','47','Nissan','Np300 Pick Up');
INSERT INTO subcategory VALUES('1078','47','Nissan','Pathfinder');
INSERT INTO subcategory VALUES('1079','47','Nissan','Pathfinder Fe Super Lux');
INSERT INTO subcategory VALUES('1080','47','Nissan','Pathfinder Gl');
INSERT INTO subcategory VALUES('1081','47','Nissan','Pathfinder L');
INSERT INTO subcategory VALUES('1082','47','Nissan','Pathfinder R 50');
INSERT INTO subcategory VALUES('1083','47','Nissan','Pathfinder Xe');
INSERT INTO subcategory VALUES('1084','47','Nissan','Patrol');
INSERT INTO subcategory VALUES('1085','47','Nissan','Patrol Gl');
INSERT INTO subcategory VALUES('1086','47','Nissan','Patrol Gl 61');
INSERT INTO subcategory VALUES('1087','47','Nissan','Patrol Gr');
INSERT INTO subcategory VALUES('1088','47','Nissan','Pickup');
INSERT INTO subcategory VALUES('1089','47','Nissan','Pickup 135K');
INSERT INTO subcategory VALUES('1090','47','Nissan','Pixo');
INSERT INTO subcategory VALUES('1091','47','Nissan','Prairie');
INSERT INTO subcategory VALUES('1092','47','Nissan','Primera');
INSERT INTO subcategory VALUES('1093','47','Nissan','Primera Gx');
INSERT INTO subcategory VALUES('1094','47','Nissan','Qashqai');
INSERT INTO subcategory VALUES('1095','47','Nissan','Qashqai2');
INSERT INTO subcategory VALUES('1096','47','Nissan','Quest Se');
INSERT INTO subcategory VALUES('1097','47','Nissan','Samurai');
INSERT INTO subcategory VALUES('1098','47','Nissan','Sentra');
INSERT INTO subcategory VALUES('1099','47','Nissan','Sentra 2.0');
INSERT INTO subcategory VALUES('1100','47','Nissan','Sentra B13');
INSERT INTO subcategory VALUES('1101','47','Nissan','Sentra B13 Ex');
INSERT INTO subcategory VALUES('1102','47','Nissan','Sentra B14');
INSERT INTO subcategory VALUES('1103','47','Nissan','Sentra B14 Ex');
INSERT INTO subcategory VALUES('1104','47','Nissan','Sentra Ex Saloon');
INSERT INTO subcategory VALUES('1105','47','Nissan','Sentra Slx');
INSERT INTO subcategory VALUES('1106','47','Nissan','Serena');
INSERT INTO subcategory VALUES('1107','47','Nissan','Sunny');
INSERT INTO subcategory VALUES('1108','47','Nissan','T5U41');
INSERT INTO subcategory VALUES('1109','47','Nissan','Terrano');
INSERT INTO subcategory VALUES('1110','47','Nissan','Terrano Ii');
INSERT INTO subcategory VALUES('1111','47','Nissan','Terrano Turbo Diesel');
INSERT INTO subcategory VALUES('1112','47','Nissan','Tiida');
INSERT INTO subcategory VALUES('1113','47','Nissan','Tk55');
INSERT INTO subcategory VALUES('1114','47','Nissan','Trade');
INSERT INTO subcategory VALUES('1115','47','Nissan','Trade 100');
INSERT INTO subcategory VALUES('1116','47','Nissan','U41');
INSERT INTO subcategory VALUES('1117','47','Nissan','Ud 21');
INSERT INTO subcategory VALUES('1118','47','Nissan','Urvan');
INSERT INTO subcategory VALUES('1119','47','Nissan','Urvan Ahz Gl');
INSERT INTO subcategory VALUES('1120','47','Nissan','Urvan Dx');
INSERT INTO subcategory VALUES('1121','47','Nissan','Urvan Gl');
INSERT INTO subcategory VALUES('1122','47','Nissan','Vanette');
INSERT INTO subcategory VALUES('1123','47','Nissan','Vanette Cargo');
INSERT INTO subcategory VALUES('1124','47','Nissan','X-Trail');
INSERT INTO subcategory VALUES('1125','47','Nissan','Xtrail');
INSERT INTO subcategory VALUES('1126','47','Nissan','Z24');
INSERT INTO subcategory VALUES('1127','49','Peugeot','106');
INSERT INTO subcategory VALUES('1128','49','Peugeot','107');
INSERT INTO subcategory VALUES('1129','49','Peugeot','205');
INSERT INTO subcategory VALUES('1130','49','Peugeot','206');
INSERT INTO subcategory VALUES('1131','49','Peugeot','206 Sw');
INSERT INTO subcategory VALUES('1132','49','Peugeot','206 Xline');
INSERT INTO subcategory VALUES('1133','49','Peugeot','206 Xr');
INSERT INTO subcategory VALUES('1134','49','Peugeot','206 Xs Premium Line');
INSERT INTO subcategory VALUES('1135','49','Peugeot','207');
INSERT INTO subcategory VALUES('1136','49','Peugeot','208');
INSERT INTO subcategory VALUES('1137','49','Peugeot','3008');
INSERT INTO subcategory VALUES('1138','49','Peugeot','306');
INSERT INTO subcategory VALUES('1139','49','Peugeot','306 Rx');
INSERT INTO subcategory VALUES('1140','49','Peugeot','306 Sl');
INSERT INTO subcategory VALUES('1141','49','Peugeot','306 Xs');
INSERT INTO subcategory VALUES('1142','49','Peugeot','307');
INSERT INTO subcategory VALUES('1143','49','Peugeot','307 Sw');
INSERT INTO subcategory VALUES('1144','49','Peugeot','308');
INSERT INTO subcategory VALUES('1145','49','Peugeot','309');
INSERT INTO subcategory VALUES('1146','49','Peugeot','4007');
INSERT INTO subcategory VALUES('1147','49','Peugeot','4008');
INSERT INTO subcategory VALUES('1148','49','Peugeot','405');
INSERT INTO subcategory VALUES('1149','49','Peugeot','406');
INSERT INTO subcategory VALUES('1150','49','Peugeot','407');
INSERT INTO subcategory VALUES('1151','49','Peugeot','407 Sw');
INSERT INTO subcategory VALUES('1152','49','Peugeot','5008');
INSERT INTO subcategory VALUES('1153','49','Peugeot','505');
INSERT INTO subcategory VALUES('1154','49','Peugeot','508');
INSERT INTO subcategory VALUES('1155','49','Peugeot','604');
INSERT INTO subcategory VALUES('1156','49','Peugeot','605');
INSERT INTO subcategory VALUES('1157','49','Peugeot','605 Sr');
INSERT INTO subcategory VALUES('1158','49','Peugeot','607');
INSERT INTO subcategory VALUES('1159','49','Peugeot','806');
INSERT INTO subcategory VALUES('1160','49','Peugeot','807');
INSERT INTO subcategory VALUES('1161','49','Peugeot','Bipper');
INSERT INTO subcategory VALUES('1162','49','Peugeot','Boxer');
INSERT INTO subcategory VALUES('1163','49','Peugeot','Gl 10');
INSERT INTO subcategory VALUES('1164','49','Peugeot','Ion');
INSERT INTO subcategory VALUES('1165','49','Peugeot','J5');
INSERT INTO subcategory VALUES('1166','49','Peugeot','Partner');
INSERT INTO subcategory VALUES('1167','49','Peugeot','Partner Origin');
INSERT INTO subcategory VALUES('1168','49','Peugeot','Rcz');
INSERT INTO subcategory VALUES('1169','50','Renault','1129');
INSERT INTO subcategory VALUES('1170','50','Renault','350');
INSERT INTO subcategory VALUES('1171','50','Renault','4Cv');
INSERT INTO subcategory VALUES('1172','50','Renault','Alpine');
INSERT INTO subcategory VALUES('1173','50','Renault','Avantime');
INSERT INTO subcategory VALUES('1174','50','Renault','Citius');
INSERT INTO subcategory VALUES('1175','50','Renault','Clio');
INSERT INTO subcategory VALUES('1176','50','Renault','Clio Autentique');
INSERT INTO subcategory VALUES('1177','50','Renault','Clio Campus');
INSERT INTO subcategory VALUES('1178','50','Renault','Clio Cool');
INSERT INTO subcategory VALUES('1179','50','Renault','Clio Dynamique');
INSERT INTO subcategory VALUES('1180','50','Renault','Clio Expression');
INSERT INTO subcategory VALUES('1181','50','Renault','Clio Ii Authentique');
INSERT INTO subcategory VALUES('1182','50','Renault','Clio Rn');
INSERT INTO subcategory VALUES('1183','50','Renault','Duster');
INSERT INTO subcategory VALUES('1184','50','Renault','Duster Dynamique');
INSERT INTO subcategory VALUES('1185','50','Renault','Espace');
INSERT INTO subcategory VALUES('1186','50','Renault','Etoile');
INSERT INTO subcategory VALUES('1187','50','Renault','Express');
INSERT INTO subcategory VALUES('1188','50','Renault','Floride');
INSERT INTO subcategory VALUES('1189','50','Renault','Fluence');
INSERT INTO subcategory VALUES('1190','50','Renault','Fluence Confort');
INSERT INTO subcategory VALUES('1191','50','Renault','Fuego');
INSERT INTO subcategory VALUES('1192','50','Renault','Grand Espace');
INSERT INTO subcategory VALUES('1193','50','Renault','Grand Kangoo Combi');
INSERT INTO subcategory VALUES('1194','50','Renault','Grand Modus');
INSERT INTO subcategory VALUES('1195','50','Renault','Grand Scenic');
INSERT INTO subcategory VALUES('1196','50','Renault','Kangoo');
INSERT INTO subcategory VALUES('1197','50','Renault','Kangoo Combi');
INSERT INTO subcategory VALUES('1198','50','Renault','Kangoo Express');
INSERT INTO subcategory VALUES('1199','50','Renault','Kangoo F76');
INSERT INTO subcategory VALUES('1200','50','Renault','Koleos');
INSERT INTO subcategory VALUES('1201','50','Renault','Koleos Dynamique');
INSERT INTO subcategory VALUES('1202','50','Renault','Koleos Privilege');
INSERT INTO subcategory VALUES('1203','50','Renault','Laguna');
INSERT INTO subcategory VALUES('1204','50','Renault','Latitude');
INSERT INTO subcategory VALUES('1205','50','Renault','Logan');
INSERT INTO subcategory VALUES('1206','50','Renault','Logan Colombia Es Pasion');
INSERT INTO subcategory VALUES('1207','50','Renault','Logan Dynamique');
INSERT INTO subcategory VALUES('1208','50','Renault','Logan Expression');
INSERT INTO subcategory VALUES('1209','50','Renault','Logan Familier');
INSERT INTO subcategory VALUES('1210','50','Renault','Mascott');
INSERT INTO subcategory VALUES('1211','50','Renault','Master');
INSERT INTO subcategory VALUES('1212','50','Renault','Master Propulsion');
INSERT INTO subcategory VALUES('1213','50','Renault','Maxity');
INSERT INTO subcategory VALUES('1214','50','Renault','Megan Unique Serie Limitee');
INSERT INTO subcategory VALUES('1215','50','Renault','Megane');
INSERT INTO subcategory VALUES('1216','50','Renault','Megane Fase Ii');
INSERT INTO subcategory VALUES('1217','50','Renault','Megane Ii Dynamique');
INSERT INTO subcategory VALUES('1218','50','Renault','Megane Unique');
INSERT INTO subcategory VALUES('1219','50','Renault','Modus');
INSERT INTO subcategory VALUES('1220','50','Renault','Nevada');
INSERT INTO subcategory VALUES('1221','50','Renault','R 10');
INSERT INTO subcategory VALUES('1222','50','Renault','R 12');
INSERT INTO subcategory VALUES('1223','50','Renault','R 18 Gtx');
INSERT INTO subcategory VALUES('1224','50','Renault','R 19');
INSERT INTO subcategory VALUES('1225','50','Renault','R 19 Energy');
INSERT INTO subcategory VALUES('1226','50','Renault','R 4');
INSERT INTO subcategory VALUES('1227','50','Renault','R 6 Tl');
INSERT INTO subcategory VALUES('1228','50','Renault','R 9');
INSERT INTO subcategory VALUES('1229','50','Renault','R 9 Brio');
INSERT INTO subcategory VALUES('1230','50','Renault','R 9 Gtl');
INSERT INTO subcategory VALUES('1231','50','Renault','R 9 Gts');
INSERT INTO subcategory VALUES('1232','50','Renault','R11');
INSERT INTO subcategory VALUES('1233','50','Renault','R18');
INSERT INTO subcategory VALUES('1234','50','Renault','R19');
INSERT INTO subcategory VALUES('1235','50','Renault','R21');
INSERT INTO subcategory VALUES('1236','50','Renault','R25');
INSERT INTO subcategory VALUES('1237','50','Renault','R4');
INSERT INTO subcategory VALUES('1238','50','Renault','R5');
INSERT INTO subcategory VALUES('1239','50','Renault','R6');
INSERT INTO subcategory VALUES('1240','50','Renault','R9');
INSERT INTO subcategory VALUES('1241','50','Renault','Safrane');
INSERT INTO subcategory VALUES('1242','50','Renault','Sandero');
INSERT INTO subcategory VALUES('1243','50','Renault','Scala');
INSERT INTO subcategory VALUES('1244','50','Renault','Scenic');
INSERT INTO subcategory VALUES('1245','50','Renault','Scenic Ii');
INSERT INTO subcategory VALUES('1246','50','Renault','Sin Linea');
INSERT INTO subcategory VALUES('1247','50','Renault','Spider');
INSERT INTO subcategory VALUES('1248','50','Renault','Stepway');
INSERT INTO subcategory VALUES('1249','50','Renault','Symbol');
INSERT INTO subcategory VALUES('1250','50','Renault','Symbol Alize');
INSERT INTO subcategory VALUES('1251','50','Renault','Symbol Ii');
INSERT INTO subcategory VALUES('1252','50','Renault','Symbol Ii Luxe');
INSERT INTO subcategory VALUES('1253','50','Renault','Symbol Luxe');
INSERT INTO subcategory VALUES('1254','50','Renault','Trafic');
INSERT INTO subcategory VALUES('1255','50','Renault','Twingo');
INSERT INTO subcategory VALUES('1256','50','Renault','Twingo Access');
INSERT INTO subcategory VALUES('1257','50','Renault','Twingo Authentique');
INSERT INTO subcategory VALUES('1258','50','Renault','Twingo Dynamique');
INSERT INTO subcategory VALUES('1259','50','Renault','Vel Satis');
INSERT INTO subcategory VALUES('1260','50','Renault','Wind');
INSERT INTO subcategory VALUES('1261','52','Rover','100');
INSERT INTO subcategory VALUES('1262','52','Rover','200');
INSERT INTO subcategory VALUES('1263','52','Rover','25');
INSERT INTO subcategory VALUES('1264','52','Rover','400');
INSERT INTO subcategory VALUES('1265','52','Rover','45');
INSERT INTO subcategory VALUES('1266','52','Rover','600');
INSERT INTO subcategory VALUES('1267','52','Rover','75');
INSERT INTO subcategory VALUES('1268','52','Rover','800');
INSERT INTO subcategory VALUES('1269','52','Rover','Cabriolet');
INSERT INTO subcategory VALUES('1270','52','Rover','Coupe');
INSERT INTO subcategory VALUES('1271','52','Rover','Mini');
INSERT INTO subcategory VALUES('1272','52','Rover','Morris');
INSERT INTO subcategory VALUES('1273','52','Rover','Ranger');
INSERT INTO subcategory VALUES('1274','52','Rover','Sd');
INSERT INTO subcategory VALUES('1275','52','Rover','Streetwise');
INSERT INTO subcategory VALUES('1276','53','Saab','900');
INSERT INTO subcategory VALUES('1277','53','Saab','9000');
INSERT INTO subcategory VALUES('1278','53','Saab','93');
INSERT INTO subcategory VALUES('1279','53','Saab','93X');
INSERT INTO subcategory VALUES('1280','53','Saab','94X');
INSERT INTO subcategory VALUES('1281','53','Saab','95');
INSERT INTO subcategory VALUES('1282','54','Saic Chery','Qq');
INSERT INTO subcategory VALUES('1283','55','Seat','Alhambra');
INSERT INTO subcategory VALUES('1284','55','Seat','Altea');
INSERT INTO subcategory VALUES('1285','55','Seat','Altea Freetrack');
INSERT INTO subcategory VALUES('1286','55','Seat','Altea Xl');
INSERT INTO subcategory VALUES('1287','55','Seat','Arosa');
INSERT INTO subcategory VALUES('1288','55','Seat','Cordoba');
INSERT INTO subcategory VALUES('1289','55','Seat','Exeo');
INSERT INTO subcategory VALUES('1290','55','Seat','Ibiza');
INSERT INTO subcategory VALUES('1291','55','Seat','Ibiza Style');
INSERT INTO subcategory VALUES('1292','55','Seat','Inca');
INSERT INTO subcategory VALUES('1293','55','Seat','Leon');
INSERT INTO subcategory VALUES('1294','55','Seat','Malaga');
INSERT INTO subcategory VALUES('1295','55','Seat','Marbella');
INSERT INTO subcategory VALUES('1296','55','Seat','Mii');
INSERT INTO subcategory VALUES('1297','55','Seat','Ronda');
INSERT INTO subcategory VALUES('1298','55','Seat','Terra');
INSERT INTO subcategory VALUES('1299','55','Seat','Toledo');
INSERT INTO subcategory VALUES('1300','56','Skoda','130');
INSERT INTO subcategory VALUES('1301','56','Skoda','Citigo');
INSERT INTO subcategory VALUES('1302','56','Skoda','Combi');
INSERT INTO subcategory VALUES('1303','56','Skoda','Fabia');
INSERT INTO subcategory VALUES('1304','56','Skoda','Fabia Classic');
INSERT INTO subcategory VALUES('1305','56','Skoda','Fabia Combi Ambiente');
INSERT INTO subcategory VALUES('1306','56','Skoda','Fabia Combi Confort');
INSERT INTO subcategory VALUES('1307','56','Skoda','Fabia Confort');
INSERT INTO subcategory VALUES('1308','56','Skoda','Favorit');
INSERT INTO subcategory VALUES('1309','56','Skoda','Felicia');
INSERT INTO subcategory VALUES('1310','56','Skoda','Forman');
INSERT INTO subcategory VALUES('1311','56','Skoda','Octavia');
INSERT INTO subcategory VALUES('1312','56','Skoda','Octavia Tour');
INSERT INTO subcategory VALUES('1313','56','Skoda','Pick Up Lx');
INSERT INTO subcategory VALUES('1314','56','Skoda','Pickup');
INSERT INTO subcategory VALUES('1315','56','Skoda','Rapid');
INSERT INTO subcategory VALUES('1316','56','Skoda','Roomster');
INSERT INTO subcategory VALUES('1317','56','Skoda','Roomster Comfort');
INSERT INTO subcategory VALUES('1318','56','Skoda','S');
INSERT INTO subcategory VALUES('1319','56','Skoda','Scout');
INSERT INTO subcategory VALUES('1320','56','Skoda','Superb');
INSERT INTO subcategory VALUES('1321','56','Skoda','Yeti');
INSERT INTO subcategory VALUES('1322','57','Smart','Cabrio');
INSERT INTO subcategory VALUES('1323','57','Smart','Citycoupe');
INSERT INTO subcategory VALUES('1324','57','Smart','Crossblade');
INSERT INTO subcategory VALUES('1325','57','Smart','Forfour');
INSERT INTO subcategory VALUES('1326','57','Smart','Fort Wo');
INSERT INTO subcategory VALUES('1327','57','Smart','Fortwo');
INSERT INTO subcategory VALUES('1328','57','Smart','Roadster');
INSERT INTO subcategory VALUES('1329','57','Smart','Smart');
INSERT INTO subcategory VALUES('1330','58','Ssangyong','Actyon');
INSERT INTO subcategory VALUES('1331','58','Ssangyong','Actyon G23D');
INSERT INTO subcategory VALUES('1332','58','Ssangyong','Actyon Sport');
INSERT INTO subcategory VALUES('1333','58','Ssangyong','Actyon Sports Pick Up');
INSERT INTO subcategory VALUES('1334','58','Ssangyong','Family');
INSERT INTO subcategory VALUES('1335','58','Ssangyong','K4D');
INSERT INTO subcategory VALUES('1336','58','Ssangyong','Kodando');
INSERT INTO subcategory VALUES('1337','58','Ssangyong','Korando');
INSERT INTO subcategory VALUES('1338','58','Ssangyong','Korando Kj');
INSERT INTO subcategory VALUES('1339','58','Ssangyong','Kyron');
INSERT INTO subcategory VALUES('1340','58','Ssangyong','Kyron G23');
INSERT INTO subcategory VALUES('1341','58','Ssangyong','Musso');
INSERT INTO subcategory VALUES('1342','58','Ssangyong','Musso 602 El');
INSERT INTO subcategory VALUES('1343','58','Ssangyong','Rexton');
INSERT INTO subcategory VALUES('1344','58','Ssangyong','Rexton 662La');
INSERT INTO subcategory VALUES('1345','58','Ssangyong','Rexton Ii');
INSERT INTO subcategory VALUES('1346','58','Ssangyong','Rodius');
INSERT INTO subcategory VALUES('1347','58','Ssangyong','Sports Pick Up');
INSERT INTO subcategory VALUES('1348','58','Ssangyong','Ssangyong');
INSERT INTO subcategory VALUES('1349','58','Ssangyong','Stavic D27Dt');
INSERT INTO subcategory VALUES('1350','59','Subaru','1800');
INSERT INTO subcategory VALUES('1351','59','Subaru','B9 Tribeca');
INSERT INTO subcategory VALUES('1352','59','Subaru','Brz');
INSERT INTO subcategory VALUES('1353','59','Subaru','Forester');
INSERT INTO subcategory VALUES('1354','59','Subaru','G3X Justy');
INSERT INTO subcategory VALUES('1355','59','Subaru','Impreza');
INSERT INTO subcategory VALUES('1356','59','Subaru','Justy');
INSERT INTO subcategory VALUES('1357','59','Subaru','Legacy');
INSERT INTO subcategory VALUES('1358','59','Subaru','Legacy Gl');
INSERT INTO subcategory VALUES('1359','59','Subaru','Outback');
INSERT INTO subcategory VALUES('1360','59','Subaru','Svx');
INSERT INTO subcategory VALUES('1361','59','Subaru','Trezia');
INSERT INTO subcategory VALUES('1362','59','Subaru','Tribeca');
INSERT INTO subcategory VALUES('1363','59','Subaru','Wagon');
INSERT INTO subcategory VALUES('1364','59','Subaru','Wrx Sti');
INSERT INTO subcategory VALUES('1365','59','Subaru','Xt');
INSERT INTO subcategory VALUES('1366','59','Subaru','Xv');
INSERT INTO subcategory VALUES('1367','60','Suzuki','125');
INSERT INTO subcategory VALUES('1368','60','Suzuki','125 Berlina Special');
INSERT INTO subcategory VALUES('1369','60','Suzuki','250');
INSERT INTO subcategory VALUES('1370','60','Suzuki','Alto');
INSERT INTO subcategory VALUES('1371','60','Suzuki','Baleno');
INSERT INTO subcategory VALUES('1372','60','Suzuki','Dl 650');
INSERT INTO subcategory VALUES('1373','60','Suzuki','Dr 200');
INSERT INTO subcategory VALUES('1374','60','Suzuki','Dr 250');
INSERT INTO subcategory VALUES('1375','60','Suzuki','Dr 650');
INSERT INTO subcategory VALUES('1376','60','Suzuki','Enduro');
INSERT INTO subcategory VALUES('1377','60','Suzuki','Freewind Xf650');
INSERT INTO subcategory VALUES('1378','60','Suzuki','Gn 125');
INSERT INTO subcategory VALUES('1379','60','Suzuki','Gran Vitara Luxury');
INSERT INTO subcategory VALUES('1380','60','Suzuki','Grand Vitara');
INSERT INTO subcategory VALUES('1381','60','Suzuki','Grand Vitara Sz');
INSERT INTO subcategory VALUES('1382','60','Suzuki','Grand Vitara Xl7');
INSERT INTO subcategory VALUES('1383','60','Suzuki','Gs 125');
INSERT INTO subcategory VALUES('1384','60','Suzuki','Gs 150 R');
INSERT INTO subcategory VALUES('1385','60','Suzuki','Gs 500');
INSERT INTO subcategory VALUES('1386','60','Suzuki','Gsx750');
INSERT INTO subcategory VALUES('1387','60','Suzuki','Guard Sepot 80');
INSERT INTO subcategory VALUES('1388','60','Suzuki','Hyter 1110');
INSERT INTO subcategory VALUES('1389','60','Suzuki','Ignis');
INSERT INTO subcategory VALUES('1390','60','Suzuki','Jimny');
INSERT INTO subcategory VALUES('1391','60','Suzuki','Jimny Jlx');
INSERT INTO subcategory VALUES('1392','60','Suzuki','Kizashi');
INSERT INTO subcategory VALUES('1393','60','Suzuki','Liana');
INSERT INTO subcategory VALUES('1394','60','Suzuki','Lj 80');
INSERT INTO subcategory VALUES('1395','60','Suzuki','Maruti');
INSERT INTO subcategory VALUES('1396','60','Suzuki','Samurai');
INSERT INTO subcategory VALUES('1397','60','Suzuki','Scoupe 1.5');
INSERT INTO subcategory VALUES('1398','60','Suzuki','Splash');
INSERT INTO subcategory VALUES('1399','60','Suzuki','Super Carry');
INSERT INTO subcategory VALUES('1400','60','Suzuki','Swift');
INSERT INTO subcategory VALUES('1401','60','Suzuki','Sx4');
INSERT INTO subcategory VALUES('1402','60','Suzuki','Ta');
INSERT INTO subcategory VALUES('1403','60','Suzuki','Ts 100');
INSERT INTO subcategory VALUES('1404','60','Suzuki','Ts 125');
INSERT INTO subcategory VALUES('1405','60','Suzuki','V-Strom Dl 1000');
INSERT INTO subcategory VALUES('1406','60','Suzuki','Vitara');
INSERT INTO subcategory VALUES('1407','60','Suzuki','Vitara Jlx');
INSERT INTO subcategory VALUES('1408','60','Suzuki','Viva 115');
INSERT INTO subcategory VALUES('1409','60','Suzuki','Wagon R');
INSERT INTO subcategory VALUES('1410','60','Suzuki','Xf 650');
INSERT INTO subcategory VALUES('1411','61','Toyota','3F');
INSERT INTO subcategory VALUES('1412','61','Toyota','4 Runner Limited');
INSERT INTO subcategory VALUES('1413','61','Toyota','4 Runner Sr5');
INSERT INTO subcategory VALUES('1414','61','Toyota','4Runner');
INSERT INTO subcategory VALUES('1415','61','Toyota','Auris');
INSERT INTO subcategory VALUES('1416','61','Toyota','Avensis');
INSERT INTO subcategory VALUES('1417','61','Toyota','Avensis Verso');
INSERT INTO subcategory VALUES('1418','61','Toyota','Aygo');
INSERT INTO subcategory VALUES('1419','61','Toyota','Burbuja Autana');
INSERT INTO subcategory VALUES('1420','61','Toyota','Burbuja Estandar');
INSERT INTO subcategory VALUES('1421','61','Toyota','Camry');
INSERT INTO subcategory VALUES('1422','61','Toyota','Carina E');
INSERT INTO subcategory VALUES('1423','61','Toyota','Celica');
INSERT INTO subcategory VALUES('1424','61','Toyota','Compact Sr5');
INSERT INTO subcategory VALUES('1425','61','Toyota','Corolla');
INSERT INTO subcategory VALUES('1426','61','Toyota','Corolla Gli');
INSERT INTO subcategory VALUES('1427','61','Toyota','Corolla Sedan');
INSERT INTO subcategory VALUES('1428','61','Toyota','Corolla Verso');
INSERT INTO subcategory VALUES('1429','61','Toyota','Dyna');
INSERT INTO subcategory VALUES('1430','61','Toyota','Fj 62');
INSERT INTO subcategory VALUES('1431','61','Toyota','Fortuner');
INSERT INTO subcategory VALUES('1432','61','Toyota','Fortuner Tk');
INSERT INTO subcategory VALUES('1433','61','Toyota','Fortuner Tu');
INSERT INTO subcategory VALUES('1434','61','Toyota','Fortuner Tw');
INSERT INTO subcategory VALUES('1435','61','Toyota','Fzj 80 Autana');
INSERT INTO subcategory VALUES('1436','61','Toyota','Gt86');
INSERT INTO subcategory VALUES('1437','61','Toyota','Hilux');
INSERT INTO subcategory VALUES('1438','61','Toyota','Hilux Hv');
INSERT INTO subcategory VALUES('1439','61','Toyota','Hilux 4X2 D.C');
INSERT INTO subcategory VALUES('1440','61','Toyota','Hilux 4X4');
INSERT INTO subcategory VALUES('1441','61','Toyota','Hilux 4X4 Dc');
INSERT INTO subcategory VALUES('1442','61','Toyota','Hilux E 4Wd');
INSERT INTO subcategory VALUES('1443','61','Toyota','Hilux Ek 4*2/ 2,4');
INSERT INTO subcategory VALUES('1444','61','Toyota','Hilux Et');
INSERT INTO subcategory VALUES('1445','61','Toyota','Hilux Ew');
INSERT INTO subcategory VALUES('1446','61','Toyota','Hilux Ex');
INSERT INTO subcategory VALUES('1447','61','Toyota','Hilux New Vigo');
INSERT INTO subcategory VALUES('1448','61','Toyota','Iq');
INSERT INTO subcategory VALUES('1449','61','Toyota','Land C L200 Sahara');
INSERT INTO subcategory VALUES('1450','61','Toyota','Land Cruiser');
INSERT INTO subcategory VALUES('1451','61','Toyota','Land Cruiser 100');
INSERT INTO subcategory VALUES('1452','61','Toyota','Land Cruiser 100 Estandar');
INSERT INTO subcategory VALUES('1453','61','Toyota','Land Cruiser 200');
INSERT INTO subcategory VALUES('1454','61','Toyota','Land Cruiser 200 Imperial');
INSERT INTO subcategory VALUES('1455','61','Toyota','Land Cruiser 80');
INSERT INTO subcategory VALUES('1456','61','Toyota','Land Cruiser 90');
INSERT INTO subcategory VALUES('1457','61','Toyota','Land Cruiser Autana');
INSERT INTO subcategory VALUES('1458','61','Toyota','Land Cruiser Fzj 73 A.A');
INSERT INTO subcategory VALUES('1459','61','Toyota','Land Cruiser Uzj 100L');
INSERT INTO subcategory VALUES('1460','61','Toyota','Land Cruiser Vxr');
INSERT INTO subcategory VALUES('1461','61','Toyota','Landcruiser Fzj78L');
INSERT INTO subcategory VALUES('1462','61','Toyota','Lexus');
INSERT INTO subcategory VALUES('1463','61','Toyota','Macho');
INSERT INTO subcategory VALUES('1464','61','Toyota','Mr2');
INSERT INTO subcategory VALUES('1465','61','Toyota','Paseo');
INSERT INTO subcategory VALUES('1466','61','Toyota','Picnic');
INSERT INTO subcategory VALUES('1467','61','Toyota','Prado');
INSERT INTO subcategory VALUES('1468','61','Toyota','Prado 4L');
INSERT INTO subcategory VALUES('1469','61','Toyota','Prado Dlx');
INSERT INTO subcategory VALUES('1470','61','Toyota','Prado Ego');
INSERT INTO subcategory VALUES('1471','61','Toyota','Prado Gx');
INSERT INTO subcategory VALUES('1472','61','Toyota','Prado Sumo');
INSERT INTO subcategory VALUES('1473','61','Toyota','Prado Sumo Tx');
INSERT INTO subcategory VALUES('1474','61','Toyota','Prado Tx-L');
INSERT INTO subcategory VALUES('1475','61','Toyota','Prado Vx');
INSERT INTO subcategory VALUES('1476','61','Toyota','Prado Vxa');
INSERT INTO subcategory VALUES('1477','61','Toyota','Prado Vxm');
INSERT INTO subcategory VALUES('1478','61','Toyota','Previa');
INSERT INTO subcategory VALUES('1479','61','Toyota','Prius');
INSERT INTO subcategory VALUES('1480','61','Toyota','Rav');
INSERT INTO subcategory VALUES('1481','61','Toyota','Rav 4');
INSERT INTO subcategory VALUES('1482','61','Toyota','Rav4');
INSERT INTO subcategory VALUES('1483','61','Toyota','Rav4 4Wd');
INSERT INTO subcategory VALUES('1484','61','Toyota','Runner');
INSERT INTO subcategory VALUES('1485','61','Toyota','Sahara Vrx');
INSERT INTO subcategory VALUES('1486','61','Toyota','Sahara Vx');
INSERT INTO subcategory VALUES('1487','61','Toyota','Sahara Vx Ux Uzj 100 L');
INSERT INTO subcategory VALUES('1488','61','Toyota','Samurai');
INSERT INTO subcategory VALUES('1489','61','Toyota','Santamo');
INSERT INTO subcategory VALUES('1490','61','Toyota','Supra');
INSERT INTO subcategory VALUES('1491','61','Toyota','Toyopet');
INSERT INTO subcategory VALUES('1492','61','Toyota','Tundra');
INSERT INTO subcategory VALUES('1493','61','Toyota','Urban Cruiser');
INSERT INTO subcategory VALUES('1494','61','Toyota','Uzj 100 Std');
INSERT INTO subcategory VALUES('1495','61','Toyota','Vdj 200 Std');
INSERT INTO subcategory VALUES('1496','61','Toyota','Verso');
INSERT INTO subcategory VALUES('1497','61','Toyota','Yaris');
INSERT INTO subcategory VALUES('1498','61','Toyota','Yaris Verso');
INSERT INTO subcategory VALUES('1499','62','Volkswagen','Amarok');
INSERT INTO subcategory VALUES('1500','62','Volkswagen','Beetle');
INSERT INTO subcategory VALUES('1501','62','Volkswagen','Bora');
INSERT INTO subcategory VALUES('1502','62','Volkswagen','Cabriolet');
INSERT INTO subcategory VALUES('1503','62','Volkswagen','Caddy');
INSERT INTO subcategory VALUES('1504','62','Volkswagen','California');
INSERT INTO subcategory VALUES('1505','62','Volkswagen','Carat');
INSERT INTO subcategory VALUES('1506','62','Volkswagen','Caravelle');
INSERT INTO subcategory VALUES('1507','62','Volkswagen','Cc');
INSERT INTO subcategory VALUES('1508','62','Volkswagen','Combi');
INSERT INTO subcategory VALUES('1509','62','Volkswagen','Corrado');
INSERT INTO subcategory VALUES('1510','62','Volkswagen','Crafter');
INSERT INTO subcategory VALUES('1511','62','Volkswagen','Cross Fox');
INSERT INTO subcategory VALUES('1512','62','Volkswagen','Eos');
INSERT INTO subcategory VALUES('1513','62','Volkswagen','Escarabajo');
INSERT INTO subcategory VALUES('1514','62','Volkswagen','Fox');
INSERT INTO subcategory VALUES('1515','62','Volkswagen','Gol');
INSERT INTO subcategory VALUES('1516','62','Volkswagen','Gol Cl');
INSERT INTO subcategory VALUES('1517','62','Volkswagen','Gol Cli');
INSERT INTO subcategory VALUES('1518','62','Volkswagen','Gol Confortline');
INSERT INTO subcategory VALUES('1519','62','Volkswagen','Gol Gti');
INSERT INTO subcategory VALUES('1520','62','Volkswagen','Gol Mi');
INSERT INTO subcategory VALUES('1521','62','Volkswagen','Gol Plus');
INSERT INTO subcategory VALUES('1522','62','Volkswagen','Gol Power');
INSERT INTO subcategory VALUES('1523','62','Volkswagen','Gol Sportline');
INSERT INTO subcategory VALUES('1524','62','Volkswagen','Golf');
INSERT INTO subcategory VALUES('1525','62','Volkswagen','Golf Basic 1.6');
INSERT INTO subcategory VALUES('1526','62','Volkswagen','Golf Gl');
INSERT INTO subcategory VALUES('1527','62','Volkswagen','Golf Plus');
INSERT INTO subcategory VALUES('1528','62','Volkswagen','Jetta');
INSERT INTO subcategory VALUES('1529','62','Volkswagen','Jetta Europa');
INSERT INTO subcategory VALUES('1530','62','Volkswagen','Jetta Gl');
INSERT INTO subcategory VALUES('1531','62','Volkswagen','Jetta Turbo');
INSERT INTO subcategory VALUES('1532','62','Volkswagen','Kombi');
INSERT INTO subcategory VALUES('1533','62','Volkswagen','Lt');
INSERT INTO subcategory VALUES('1534','62','Volkswagen','Lt 35');
INSERT INTO subcategory VALUES('1535','62','Volkswagen','Lupo');
INSERT INTO subcategory VALUES('1536','62','Volkswagen','Multivan');
INSERT INTO subcategory VALUES('1537','62','Volkswagen','New Beetle');
INSERT INTO subcategory VALUES('1538','62','Volkswagen','Passat');
INSERT INTO subcategory VALUES('1539','62','Volkswagen','Passat Cc');
INSERT INTO subcategory VALUES('1540','62','Volkswagen','Phaeton');
INSERT INTO subcategory VALUES('1541','62','Volkswagen','Polo');
INSERT INTO subcategory VALUES('1542','62','Volkswagen','Santana');
INSERT INTO subcategory VALUES('1543','62','Volkswagen','Scirocco');
INSERT INTO subcategory VALUES('1544','62','Volkswagen','Sharan');
INSERT INTO subcategory VALUES('1545','62','Volkswagen','T5 Kombi');
INSERT INTO subcategory VALUES('1546','62','Volkswagen','Taro');
INSERT INTO subcategory VALUES('1547','62','Volkswagen','Tiguan');
INSERT INTO subcategory VALUES('1548','62','Volkswagen','Touareg');
INSERT INTO subcategory VALUES('1549','62','Volkswagen','Touran');
INSERT INTO subcategory VALUES('1550','62','Volkswagen','Transporter');
INSERT INTO subcategory VALUES('1551','62','Volkswagen','Transporter T4');
INSERT INTO subcategory VALUES('1552','62','Volkswagen','Transporter T5');
INSERT INTO subcategory VALUES('1553','62','Volkswagen','Up');
INSERT INTO subcategory VALUES('1554','62','Volkswagen','Vento');
INSERT INTO subcategory VALUES('1555','62','Volkswagen','Volkswagen Panel');
INSERT INTO subcategory VALUES('1556','62','Volkswagen','Voyage Ls');
INSERT INTO subcategory VALUES('1557','62','Volkswagen','Vw Lt31');
INSERT INTO subcategory VALUES('1558','63','Volvo','240');
INSERT INTO subcategory VALUES('1559','63','Volvo','340');
INSERT INTO subcategory VALUES('1560','63','Volvo','360');
INSERT INTO subcategory VALUES('1561','63','Volvo','440');
INSERT INTO subcategory VALUES('1562','63','Volvo','460');
INSERT INTO subcategory VALUES('1563','63','Volvo','480');
INSERT INTO subcategory VALUES('1564','63','Volvo','740');
INSERT INTO subcategory VALUES('1565','63','Volvo','760');
INSERT INTO subcategory VALUES('1566','63','Volvo','780');
INSERT INTO subcategory VALUES('1567','63','Volvo','850');
INSERT INTO subcategory VALUES('1568','63','Volvo','940');
INSERT INTO subcategory VALUES('1569','63','Volvo','960');
INSERT INTO subcategory VALUES('1570','63','Volvo','A25E');
INSERT INTO subcategory VALUES('1571','63','Volvo','Bus');
INSERT INTO subcategory VALUES('1572','63','Volvo','C30');
INSERT INTO subcategory VALUES('1573','63','Volvo','C70');
INSERT INTO subcategory VALUES('1574','63','Volvo','Classic');
INSERT INTO subcategory VALUES('1575','63','Volvo','S40');
INSERT INTO subcategory VALUES('1576','63','Volvo','S60');
INSERT INTO subcategory VALUES('1577','63','Volvo','S70');
INSERT INTO subcategory VALUES('1578','63','Volvo','S80');
INSERT INTO subcategory VALUES('1579','63','Volvo','S90');
INSERT INTO subcategory VALUES('1580','63','Volvo','V40');
INSERT INTO subcategory VALUES('1581','63','Volvo','V40 Cross Country');
INSERT INTO subcategory VALUES('1582','63','Volvo','V50');
INSERT INTO subcategory VALUES('1583','63','Volvo','V60');
INSERT INTO subcategory VALUES('1584','63','Volvo','V70');
INSERT INTO subcategory VALUES('1585','63','Volvo','V70 Classic');
INSERT INTO subcategory VALUES('1586','63','Volvo','V70 Xc');
INSERT INTO subcategory VALUES('1587','63','Volvo','V90');
INSERT INTO subcategory VALUES('1588','63','Volvo','Xc60');
INSERT INTO subcategory VALUES('1589','63','Volvo','Xc70');
INSERT INTO subcategory VALUES('1590','63','Volvo','Xc90');
INSERT INTO subcategory VALUES('1591','64','Wuling','N 300');
INSERT INTO subcategory VALUES('1592','64','Wuling','Wuling 970');
INSERT INTO subcategory VALUES('1593','65','Zongshen','Hummer');
INSERT INTO subcategory VALUES('1594','65','Zongshen','Ranger');
INSERT INTO subcategory VALUES('1595','66','Zotye','Xs6405-C');



DROP TABLE IF EXISTS users;

CREATE TABLE `users` (
  `id` int(2) NOT NULL AUTO_INCREMENT,
  `username` varchar(60) NOT NULL,
  `password` varchar(60) NOT NULL,
  PRIMARY KEY (`id`)
) ENGINE=InnoDB AUTO_INCREMENT=2 DEFAULT CHARSET=latin1;

INSERT INTO users VALUES('1','servitalleres','c867a44622f2c67a89284613e9f55f9c');



